restaurant_name_he,address_he,city_he,city_en,phone,business_type_he,diet_type,certifier_ids,corroboration_count,source_documents,source_date,record_state,needs_review,notes,dedupe_hash_sha256
אברמיטו,יגאל אלון 6,בית שמש,Beit Shemesh,*5113,מסעדות ומזנונים,,landa_bnei_brak,2,landa_restaurants_elul_5786;rabbanut_bb_kitchens_pdf,Elul 5786 (Aug-Sep 2026),LIST_VERIFIED,FALSE,,b2f12971ecdbb088c3d9b78985f7fd0db91f8d95cba6b3379dbcaf568f2c55ba
איטליוני,ירושלים 36,בני ברק,Bnei Brak,1700501222,מסעדה חלבית,dairy,landa_bnei_brak,2,landa_restaurants_elul_5786;rabbanut_bb_kitchens_pdf,Elul 5786 (Aug-Sep 2026),LIST_VERIFIED,FALSE,,ce0062b2c2f179f4be388b6a56529df49f191dc28e02eefdfdc49c8948abd8f6
ג'סט מיט,מצדה 7,בני ברק,Bnei Brak,*6867,מסעדות ומזנונים,,landa_bnei_brak,2,landa_restaurants_elul_5786;rabbanut_bb_kitchens_pdf,Elul 5786 (Aug-Sep 2026),LIST_VERIFIED,FALSE,,617c36399fae0bdc2eb40084565b4567a1cd7c557a547f9d371b98b7e5476da1
גריל בשרים (הכל בפיתה),שדרות האמוראים 59,בית שמש,Beit Shemesh,,מסעדות ומזנונים,,landa_bnei_brak,2,landa_restaurants_elul_5786;rabbanut_bb_kitchens_pdf,Elul 5786 (Aug-Sep 2026),LIST_VERIFIED,FALSE,,83d8133be46b47c1d6efcae0b55fb045e27d456bddb95cf99cdde1c16c64bcd0
הבגט,הר הצופים 22,חולון,Holon,037237555,מסעדות ומזנונים,meat,landa_bnei_brak,3,landa_restaurants_elul_5786;landa_vacation_cities_poster;rabbanut_bb_kitchens_pdf,Elul 5786 (Aug-Sep 2026),LIST_VERIFIED,FALSE,,a0d85a3ffb939f7e05746d896bafdaf5e0b5e079f00d57854e8791d4bf180b5c
הטאבון של מאיה,ז'בוטינסקי 88,בני ברק,Bnei Brak,,מסעדה חלבית,dairy,landa_bnei_brak,2,landa_restaurants_elul_5786;rabbanut_bb_kitchens_pdf,Elul 5786 (Aug-Sep 2026),LIST_VERIFIED,FALSE,,103a0624b4bfa0a4c1c5d38de2023e41076b2fdaff1d14e62c6641e0f4ef3745
המסעדה היהודית,כנרת 4,בני ברק,Bnei Brak,035789999,מסעדות ומזנונים,,landa_bnei_brak,2,landa_restaurants_elul_5786;rabbanut_bb_kitchens_pdf,Elul 5786 (Aug-Sep 2026),LIST_VERIFIED,FALSE,,bd744deb188a6edd99c00824b75e1c27b85c24c448927d29e3a2655ab54b8079
המעדניה של בני ברק,רבי עקיבא 150,בני ברק,Bnei Brak,036163468,מעדניות,,landa_bnei_brak,2,landa_restaurants_elul_5786;rabbanut_bb_kitchens_pdf,Elul 5786 (Aug-Sep 2026),LIST_VERIFIED,FALSE,,b87ba78341b2da0ff7f45d3a409dd5a50888f7eb1c62f35f86b35fd832546661
הקדרה,בר אילן 24,בני ברק,Bnei Brak,0556789772,מעדניות,,landa_bnei_brak,2,landa_restaurants_elul_5786;rabbanut_bb_kitchens_pdf,Elul 5786 (Aug-Sep 2026),LIST_VERIFIED,FALSE,,39076fba70b95d018d756bad5beb3aa622c6d33191c688b7c63d32df54023fb5
השוויגער,שדרות האמוראים 69,בית שמש,Beit Shemesh,025859997,מעדניות,,landa_bnei_brak,2,landa_restaurants_elul_5786;rabbanut_bb_kitchens_pdf,Elul 5786 (Aug-Sep 2026),LIST_VERIFIED,FALSE,,81aedc1e45b6c50f3be2ec24065792208f30b8804f9d0882aae214bbe750879c
חברים מהדרין,קניון רמות,ירושלים,Jerusalem,0779386151,מסעדות ומזנונים,,landa_bnei_brak,2,landa_restaurants_elul_5786;rabbanut_bb_kitchens_pdf,Elul 5786 (Aug-Sep 2026),LIST_VERIFIED,FALSE,,bb2ac0603ff7b0e6f6085d477dcca1140b01d51f8660568b39a28b0f4225b78e
טעים בבית,שאול המלך 21,בני ברק,Bnei Brak,0548406437,"קייטרינג בשרי,מסעדות ומזנונים",meat,landa_bnei_brak,2,landa_restaurants_elul_5786;rabbanut_bb_kitchens_pdf,Elul 5786 (Aug-Sep 2026),LIST_VERIFIED,FALSE,,220b50a78bcac7b8df5265bc1bddd9d79f930237ab0ed87a4b1a2ac538fe7c54
טשולנטזיץ,"קק""ל 24",עפולה,Afula,0522025655,מעדניות,,landa_bnei_brak,3,landa_restaurants_elul_5786;landa_vacation_cities_poster;rabbanut_bb_kitchens_pdf,Elul 5786 (Aug-Sep 2026),LIST_VERIFIED,FALSE,,02e635b201f81049cd9f559dd855459e1e101ee47b19dc2d65927d8489206e0a
מאמה מיה,מדרחוב הבנים,טבריה,Tiberias,,מסעדה חלבית,dairy,landa_bnei_brak,2,landa_restaurants_elul_5786;rabbanut_bb_kitchens_pdf,Elul 5786 (Aug-Sep 2026),LIST_VERIFIED,FALSE,,c9ec6b6131cbdce91935917e8bad08900f045166d9fa7a6e267bf8a8eda9091b
מוכן ומזומן,חזון איש 17,בני ברק,Bnei Brak,036188526,מסעדות ומזנונים,,landa_bnei_brak,2,landa_restaurants_elul_5786;rabbanut_bb_kitchens_pdf,Elul 5786 (Aug-Sep 2026),LIST_VERIFIED,FALSE,,48aa50fc6317433aad36962e12939f19d71f6693bb4c423fb2a17d8da2836f9c
מורדי'ס,בר יוחאי 1,צפת,Safed,0534520530,מסעדות ומזנונים,,landa_bnei_brak,3,landa_restaurants_elul_5786;landa_vacation_cities_poster;rabbanut_bb_kitchens_pdf,Elul 5786 (Aug-Sep 2026),LIST_VERIFIED,FALSE,,cba9eba8b677ed209037b38d2f0459ec6d6321dd7aa3ab1e990f817353c9b80f
מטעמים,מיכאל 7,חיפה,Haifa,0774604684,"קייטרינג בשרי,מסעדות ומזנונים,מעדניות",meat,landa_bnei_brak,3,landa_restaurants_elul_5786;landa_vacation_cities_poster;rabbanut_bb_kitchens_pdf,Elul 5786 (Aug-Sep 2026),LIST_VERIFIED,FALSE,,39bf7987b6ba5ded1da3f8809b44a890af4f79c89426d86a040f8d472057f38b
מנטה בייגל,ירושלים 23,בני ברק,Bnei Brak,036164990,"קייטרינג חלבי,מסעדה חלבית",dairy,landa_bnei_brak,2,landa_restaurants_elul_5786;rabbanut_bb_kitchens_pdf,Elul 5786 (Aug-Sep 2026),LIST_VERIFIED,FALSE,,0666ff66dc39bef732f05e89419189ac3b026c5213f3384ae330113fc8723db8
מסובין,שדרות יגאל אלון 2,בית שמש,Beit Shemesh,029911778,מסעדות ומזנונים,,landa_bnei_brak,2,landa_restaurants_elul_5786;rabbanut_bb_kitchens_pdf,Elul 5786 (Aug-Sep 2026),LIST_VERIFIED,FALSE,,d0298febe423bc3dc6bf5be1a7ed2e20bd6cc467379849008e44f0eb50713f8b
מעדני פרידמן,"ראב""ד 32",בני ברק,Bnei Brak,035796826,מעדניות,,landa_bnei_brak,2,landa_restaurants_elul_5786;rabbanut_bb_kitchens_pdf,Elul 5786 (Aug-Sep 2026),LIST_VERIFIED,FALSE,,8a280438c61b2b2f37b1b9bbc610fbe6dc7c82b8382bec3143a7fa83f747a280
"מעדני ש""פ","ראב""ד 26",בני ברק,Bnei Brak,,"מסעדות ומזנונים,מעדניות",,landa_bnei_brak,2,landa_restaurants_elul_5786;rabbanut_bb_kitchens_pdf,Elul 5786 (Aug-Sep 2026),LIST_VERIFIED,FALSE,,b5504fe2b8c8daac7c3bc2ac877cc7fa8ed33027928a679876d3c22b92258d1e
משולשים אקספרס,שדרות האמוראים 26,בית שמש,Beit Shemesh,,מסעדה חלבית,dairy,landa_bnei_brak,2,landa_restaurants_elul_5786;rabbanut_bb_kitchens_pdf,Elul 5786 (Aug-Sep 2026),LIST_VERIFIED,FALSE,,48e64b0471457a42f0665ec9d31349efa5ccc6eb74d8ca89217994497d2ac618
משולשים אקספרס,"הר""ן 7",ביתר עילית,Beitar Illit,,מסעדה חלבית,dairy,landa_bnei_brak,2,landa_restaurants_elul_5786;rabbanut_bb_kitchens_pdf,Elul 5786 (Aug-Sep 2026),LIST_VERIFIED,FALSE,,480e42f00d49f8d1eed4deb110395f444df788666ef7af91f25a33fb18ac8d52
משולשים אקספרס,יגאל אלון 6,בית שמש,Beit Shemesh,,מסעדה חלבית,dairy,landa_bnei_brak,2,landa_restaurants_elul_5786;rabbanut_bb_kitchens_pdf,Elul 5786 (Aug-Sep 2026),LIST_VERIFIED,FALSE,,cbb0e0daae742ed3a6c0acdd79be45ee5f0b86d41f08808454cdb13847269779
משולשים אקספרס,נחל שורק 48,בית שמש,Beit Shemesh,,מסעדה חלבית,dairy,landa_bnei_brak,2,landa_restaurants_elul_5786;rabbanut_bb_kitchens_pdf,Elul 5786 (Aug-Sep 2026),LIST_VERIFIED,FALSE,,20609a216824bb04ab806a6f47d21d62e82a9cc6b20acdbd56f7b5e7f8bd42fa
סול - מסעדת דגים ובשרים,מדרחוב הבנים,טבריה,Tiberias,0747978770,מסעדות ומזנונים,,landa_bnei_brak,3,landa_restaurants_elul_5786;landa_vacation_cities_poster;rabbanut_bb_kitchens_pdf,Elul 5786 (Aug-Sep 2026),LIST_VERIFIED,FALSE,,7a175c7086e197c3f87951f05f3929424b27ebc9195a58c049d42d65890da622
פינת הגלידה,כהנמן 107,בני ברק,Bnei Brak,,מסעדה חלבית,dairy,landa_bnei_brak,2,landa_restaurants_elul_5786;rabbanut_bb_kitchens_pdf,Elul 5786 (Aug-Sep 2026),LIST_VERIFIED,FALSE,,4961af963c491fe59bbdca4ba676c2c6588cf6b5bdd543c025fb8027ea20dd38
פינת הגלידה,אהרונוביץ 10,בני ברק,Bnei Brak,035796515,מסעדה חלבית,dairy,landa_bnei_brak,2,landa_restaurants_elul_5786;rabbanut_bb_kitchens_pdf,Elul 5786 (Aug-Sep 2026),LIST_VERIFIED,FALSE,,498682f5a0e33754f30f49818605cefcdfcbc23f008af64fcea88dc08fb7a7f4
פינת הגלידה,רבי יהודה הנשיא 94,אלעד,Elad,039329555,מסעדה חלבית,dairy,landa_bnei_brak,2,landa_restaurants_elul_5786;rabbanut_bb_kitchens_pdf,Elul 5786 (Aug-Sep 2026),LIST_VERIFIED,FALSE,,8ab47ea43e7511630ef02d3d9b8b9c24ef424268c9fb943236bdcfa46944315b
פינת הגלידה,שדרות האמוראים 2,בית שמש,Beit Shemesh,,מסעדה חלבית,dairy,landa_bnei_brak,2,landa_restaurants_elul_5786;rabbanut_bb_kitchens_pdf,Elul 5786 (Aug-Sep 2026),LIST_VERIFIED,FALSE,,e7926e59e5a021b1e395a655a4994f9b4f9c98916086b242f371774eec0465ff
פיצה ועוד בטאבון,זבוטינסקי 134,בני ברק,Bnei Brak,036484827,מסעדה חלבית,dairy,landa_bnei_brak,2,landa_restaurants_elul_5786;rabbanut_bb_kitchens_pdf,Elul 5786 (Aug-Sep 2026),LIST_VERIFIED,FALSE,,bd86a9c5c7bdabae9bcb71b9fcd095ce1e51f2efc9c2532821b1d74f4aada519
פלאפל רבי עקיבא - גריל בשרים,רבי עקיבא 31,בני ברק,Bnei Brak,036428540,מסעדות ומזנונים,,landa_bnei_brak,2,landa_restaurants_elul_5786;rabbanut_bb_kitchens_pdf,Elul 5786 (Aug-Sep 2026),LIST_VERIFIED,FALSE,,56533ecafd38ea3c89d8c658b0dcc96bcc3b4c6c743b51f248c33f4f6ac59ace
פקורינו - מסעדה חלבית וקייטרינג,יצחק בן צבי 1,טבריה,Tiberias,046735111,"קייטרינג חלבי,מסעדה חלבית",dairy,landa_bnei_brak,3,landa_restaurants_elul_5786;landa_vacation_cities_poster;rabbanut_bb_kitchens_pdf,Elul 5786 (Aug-Sep 2026),LIST_VERIFIED,FALSE,,e4cc9d3e5a095e606e949e2705933d47a1a4c47933e5f6711bec7ce7e87c0df2
צלילי האש,זבוטינסקי 100,בני ברק,Bnei Brak,,מסעדות ומזנונים,,landa_bnei_brak,2,landa_restaurants_elul_5786;rabbanut_bb_kitchens_pdf,Elul 5786 (Aug-Sep 2026),LIST_VERIFIED,FALSE,,76ad356b626c57aa5cd022a7334332df56aab3cd9ac057fac252cf5a373c66eb
שאבעס ביג - מחלקת אוכל מוכן פתוח,בן יעקב 26,בני ברק,Bnei Brak,0527153753,"מסעדות ומזנונים,מעדניות",,landa_bnei_brak,2,landa_restaurants_elul_5786;rabbanut_bb_kitchens_pdf,Elul 5786 (Aug-Sep 2026),LIST_VERIFIED,FALSE,,c9c5bc5c9f28a71580ef0fb2487a6da4516a0ff10c9c998bd96ae357088b7beb
שווארמה פלאפל רבי עקיבא,שמעון בן שטח 8,אלעד,Elad,036586777,מסעדות ומזנונים,,landa_bnei_brak,2,landa_restaurants_elul_5786;rabbanut_bb_kitchens_pdf,Elul 5786 (Aug-Sep 2026),LIST_VERIFIED,FALSE,,12ff51c1db658b34b33d2b40638c6f0387beab0403df74cbb4efa386d3631120
שטיסל,בר יוחאי 4,בני ברק,Bnei Brak,036777990,"קייטרינג בשרי,מסעדות ומזנונים",meat,landa_bnei_brak,2,landa_restaurants_elul_5786;rabbanut_bb_kitchens_pdf,Elul 5786 (Aug-Sep 2026),LIST_VERIFIED,FALSE,,ab3ee6b88e903aa529d2bfa2e6f2dfd9e2fd2155f47fd5ced4de0ee7de34d7a0
שטיסל,הרב שך 14,בני ברק,Bnei Brak,035706005,מסעדות ומזנונים,,landa_bnei_brak,2,landa_restaurants_elul_5786;rabbanut_bb_kitchens_pdf,Elul 5786 (Aug-Sep 2026),LIST_VERIFIED,FALSE,,b7ffb4d5c80613f020a149b5b4bfc8da9d121715a603ee96408bb64b278c3bea
שניצל וולנו,מצדה 6,בני ברק,Bnei Brak,039027778,מסעדות ומזנונים,,landa_bnei_brak,2,landa_restaurants_elul_5786;rabbanut_bb_kitchens_pdf,Elul 5786 (Aug-Sep 2026),LIST_VERIFIED,FALSE,,7dda659860735ac0e5575255e65956574ec0054f4ba08a62e85ae99be3430c25
שניצלשף,ירושלים 8,בני ברק,Bnei Brak,035084881,מסעדות ומזנונים,,landa_bnei_brak,2,landa_restaurants_elul_5786;rabbanut_bb_kitchens_pdf,Elul 5786 (Aug-Sep 2026),LIST_VERIFIED,FALSE,,446f7f61ea8d8608a0132c78bcace3f03a760124859b7174a40443a835a3e3ef
שפסל בשטייטל,הלפרין 10,בני ברק,Bnei Brak,,מעדניות,,landa_bnei_brak,2,landa_restaurants_elul_5786;rabbanut_bb_kitchens_pdf,Elul 5786 (Aug-Sep 2026),LIST_VERIFIED,FALSE,,a70039814537f808bbb59fb6dec9b2e03f5314a15ac39c225c9bf78ac76ede23
בית מאפה למהדרין,אליהו גולומב 14,אופקים,Ofakim,089926376,מאפייה פרוה/חלבי,dairy_pareve,badatz_mehadrin_rubin,1,rubin_restaurants_pdf,5786 (2026),LIST_VERIFIED,FALSE,,f745b249999324cc3b21bc197eab4fea995c58d04b3d506e899d49a480603710
קצפת,"צה""ל 1",אשדוד,Ashdod,,גלידריה,dairy,badatz_mehadrin_rubin,1,rubin_restaurants_pdf,5786 (2026),LIST_VERIFIED,FALSE,,499a39f183cdd256ab60bcbcdaa026112aaf16cb4bb4b5255e3596f0477df166
פיצה בואנו,הרב מנחם פורוש 1 קניון השדרה,בית שמש,Beit Shemesh,025445888,פיצה,dairy,badatz_mehadrin_rubin,1,rubin_restaurants_pdf,5786 (2026),LIST_VERIFIED,FALSE,,061a4ac9b66763577b309d413b67e051bab9e5aa54790f12d75e299ba8f33c39
ג'לטו,הרב מנחם פורוש 1 קניון השדרה,בית שמש,Beit Shemesh,0526425056,גלידריה חלבי/פרווה,dairy_pareve,badatz_mehadrin_rubin,1,rubin_restaurants_pdf,5786 (2026),LIST_VERIFIED,FALSE,,3034964d0e025a1841c3a1d5e690f40157710db96d486345d4855ca782b78aeb
סושי טוקיו,נחל ניצנים 8,בית שמש,Beit Shemesh,0765403667,סושי פרווה,pareve,badatz_mehadrin_rubin,1,rubin_restaurants_pdf,5786 (2026),LIST_VERIFIED,FALSE,,2813a29028577422b6caffefaef2cc1e8acee8fc9c9809d4a8c1d7fb4336bef3
גלידלנד,נחל ניצנים 16,בית שמש,Beit Shemesh,,גלידריה,dairy,badatz_mehadrin_rubin,1,rubin_restaurants_pdf,5786 (2026),LIST_VERIFIED,FALSE,,745d295a2f8fe162eeeedfed819f62c135f60b4743eff0bda0063ab63d5b004b
קצפת,נחל קישון 48,בית שמש,Beit Shemesh,,גלידריה,dairy,badatz_mehadrin_rubin,1,rubin_restaurants_pdf,5786 (2026),LIST_VERIFIED,FALSE,,83ed1557d816fc0241693e576e98ab6cd0d335d7bcefd0e5c04fa73050693db4
מאפיית חלת הבית,נחל ניצנים 3,בית שמש,Beit Shemesh,,מאפייה פרוה/חלבי,dairy_pareve,badatz_mehadrin_rubin,1,rubin_restaurants_pdf,5786 (2026),LIST_VERIFIED,FALSE,,77a4a49eaec85a9161038c532018c048ba660e6e691a099d31273d62c29a76c9
פיצה האט,יצחק רבין 13,בית שמש,Beit Shemesh,1700506070,פיצה,dairy,badatz_mehadrin_rubin,1,rubin_restaurants_pdf,5786 (2026),LIST_VERIFIED,FALSE,,f5ba97a40eab199e4517c295962f03485b91c11722bb8fd89272ce6a20b7b3c2
וופל בר,יגאל אלון 6,בית שמש,Beit Shemesh,,מסעדה חלבית,dairy,badatz_mehadrin_rubin,1,rubin_restaurants_pdf,5786 (2026),LIST_VERIFIED,FALSE,,366e347aa93b8c20e930fc224601db771318564f3ca35c5fae0ae984d120f1f3
מיסטר מיט,יחזקאל הנביא 22,בית שמש,Beit Shemesh,026258858,בשרי,meat,badatz_mehadrin_rubin,1,rubin_restaurants_pdf,5786 (2026),LIST_VERIFIED,FALSE,,8ad0247f2f2b99a7b3d9bbfb22a4b07e0e322e896c3e5f5ff4bc6a86420d970a
מאפיית חלת הבית,משה רבינו 2,בית שמש,Beit Shemesh,025439047,מאפייה פרוה/חלבי,dairy_pareve,badatz_mehadrin_rubin,1,rubin_restaurants_pdf,5786 (2026),LIST_VERIFIED,FALSE,,ee965bfb6b44690e2dbfc927a3c42714a742fb86fcc0710578b92658ef33fd85
חומוס אליהו,יגאל אלון 2,בית שמש,Beit Shemesh,025782197,חומוס,,badatz_mehadrin_rubin,1,rubin_restaurants_pdf,5786 (2026),LIST_VERIFIED,FALSE,,4f991c7206f12986899005c996e0bed03efdc0fb341a7536303d9bb57b29a0ef
קצפת,יגאל אלון 6,בית שמש,Beit Shemesh,,גלידריה,dairy,badatz_mehadrin_rubin,1,rubin_restaurants_pdf,5786 (2026),LIST_VERIFIED,FALSE,,f999fc026f07e6b3d2ec97d60cdfbe912bb97adc79bc110bb2d2dc92a34e3d94
הולי בייגל,נחל דולב 19,בית שמש,Beit Shemesh,029993121,מסעדה חלבי,dairy,badatz_mehadrin_rubin,1,rubin_restaurants_pdf,5786 (2026),LIST_VERIFIED,FALSE,,2e56b3dcec8c94a5ffe271b5d341d2e5473490252253ec71dd9d80e792f4b4a7
פיצה כמעט חינם,חלקת יהושע 10,בית שמש,Beit Shemesh,025661615,פיצה,dairy,badatz_mehadrin_rubin,1,rubin_restaurants_pdf,5786 (2026),LIST_VERIFIED,FALSE,,6faf9c7761dc35209e9225646de5246bfd747e14599e1068a7ad9f6d9a42d932
מאפיית חלת הבית,שד' האומראים 24,בית שמש,Beit Shemesh,026405555,מאפייה פרוה/חלבי,dairy_pareve,badatz_mehadrin_rubin,1,rubin_restaurants_pdf,5786 (2026),LIST_VERIFIED,FALSE,,b2350f380d30dc3f349c73444b06f009457da1500d6c288a7a5b7305438a1347
סמוקין טיז,שד' האומראים 2,בית שמש,Beit Shemesh,0522926128,מסעדה בשרית/סושי,meat,badatz_mehadrin_rubin,1,rubin_restaurants_pdf,5786 (2026),LIST_VERIFIED,FALSE,,cb33c4d67163d37585318733054aeea9ee88db10abd227923ce97e37f6d7dc47
מאפיית הלל,הכינור 15,גבעת זאב,Givat Ze'ev,,מאפייה פרוה/חלבי,dairy_pareve,badatz_mehadrin_rubin,1,rubin_restaurants_pdf,5786 (2026),LIST_VERIFIED,FALSE,,247c9acc6b4e7f876e7d76425f61c09765e86890a8de61e4f23056c9e042d0df
היימיש סושי,פנים מאירים 3,ביתר עילית,Beitar Illit,0527164224,סושי,,badatz_mehadrin_rubin,1,rubin_restaurants_pdf,5786 (2026),LIST_VERIFIED,FALSE,,56747b59f0bad007f76a2d54c7caa7490eebdf21113a3f57824fdb5ca1b2739b
תמר,רבי עקיבא 23,ביתר עילית,Beitar Illit,0548562362,מגשי אירוח וקינוחים חלבי,dairy,badatz_mehadrin_rubin,1,rubin_restaurants_pdf,5786 (2026),LIST_VERIFIED,FALSE,,8fe98a006cebcb6d25668419710f3683bc1abe9af981a970f1d2af937de90abd
מאפיית מן הארץ,אלעזר המודעי 17,ביתר עילית,Beitar Illit,,מאפייה פרוה/חלבי,dairy_pareve,badatz_mehadrin_rubin,1,rubin_restaurants_pdf,5786 (2026),LIST_VERIFIED,FALSE,,8f7506651fcb0f64e6873e08985bac28b2cbe2c4a3bf9a17e79857abd46184df
קצפת,בנין דוד 8,ביתר עילית,Beitar Illit,,גלידריה,dairy,badatz_mehadrin_rubin,1,rubin_restaurants_pdf,5786 (2026),LIST_VERIFIED,FALSE,,595a3775eaef9b30c3b82802cb86f142a61e12e0cccae8e1cbc88a7c99ce09ed
יוסלה,"הר""ן 14",ביתר עילית,Beitar Illit,025950111,בשרי,meat,badatz_mehadrin_rubin,1,rubin_restaurants_pdf,5786 (2026),LIST_VERIFIED,FALSE,,ac141ceaa9d4166a95744d4af988e54b1eecbda3c4e88cc2c3f994f0df23c83b
פיצה האט,הרב ברים 4,ביתר עילית,Beitar Illit,1700506070,פיצה,dairy,badatz_mehadrin_rubin,1,rubin_restaurants_pdf,5786 (2026),LIST_VERIFIED,FALSE,,e68efc436ad905141f3eb372263f98d623ccf790f1cceee231f82368b4629e91
פיצה האט,ז'בוטינסקי 2,בני ברק,Bnei Brak,1700506070,פיצה,dairy,badatz_mehadrin_rubin,1,rubin_restaurants_pdf,5786 (2026),LIST_VERIFIED,FALSE,,4b24dde705ea0a9406455d39b1870e75915c189c78f6a3b29ed3dc7eab71c0df
זיסלק,רבי עקיבא 76,בני ברק,Bnei Brak,,גלידריה,dairy,badatz_mehadrin_rubin,1,rubin_restaurants_pdf,5786 (2026),LIST_VERIFIED,FALSE,,c730d37d7a82ef65c2efd094cb9cc5155b6613383e69a2575d4e39c1dcacd823
מושיקו מבית מונטה קרלו,אברבנאל 72,בני ברק,Bnei Brak,0534521972,שנצליה,,badatz_mehadrin_rubin,1,rubin_restaurants_pdf,5786 (2026),LIST_VERIFIED,FALSE,,b3071fb186b5103ec62223b5b170fe3b64fbeb169b7b544e05e800284d7b5ca8
פיצוחי אביב,אברבנאל 72,בני ברק,Bnei Brak,,פיצוחים/תבלינים,,badatz_mehadrin_rubin,1,rubin_restaurants_pdf,5786 (2026),LIST_VERIFIED,FALSE,,e581523286ed438552aeae0c74b3c9ae0139ad8490fcd5e5fb8e4322b9143e01
טייסטי מיט,הרב קוק 4,בני ברק,Bnei Brak,038020700,טוסט נקניק בשרי,meat,badatz_mehadrin_rubin,1,rubin_restaurants_pdf,5786 (2026),LIST_VERIFIED,FALSE,,de5335004a7a06b0c4211807f048a146f0868a29e3d2ada9f4d1e7e21022f954
קצפת,זבוטינסקי 9 מגדל הכשרת היישוב,בני ברק,Bnei Brak,,גלידריה,dairy,badatz_mehadrin_rubin,1,rubin_restaurants_pdf,5786 (2026),LIST_VERIFIED,FALSE,,5989961079df23c2f57010fe8f90273c5129f26ede5ecb95c3c3324574da940b
פיצה טוונטי פייב,הרב כהנמן 100,בני ברק,Bnei Brak,035292529,פיצה,dairy,badatz_mehadrin_rubin,1,rubin_restaurants_pdf,5786 (2026),LIST_VERIFIED,FALSE,,ccf761ca46573ab74f0977cad27935c2e83dc53df706acfcbd8190383db789a5
מסעדת פרמזן,מצדה 9 ב',בני ברק,Bnei Brak,037295700,מסעדה חלבית,dairy,badatz_mehadrin_rubin,1,rubin_restaurants_pdf,5786 (2026),LIST_VERIFIED,FALSE,,09e23426fb26c98bb70e9b13bf9953a1a0f11aea12ae1e91df9f1c5f6b30bea0
קצפת,זבוטינסקי 514,גבעת שמואל,Givat Shmuel,036767780,גלידריה,dairy,badatz_mehadrin_rubin,1,rubin_restaurants_pdf,5786 (2026),LIST_VERIFIED,FALSE,,3b7d6bd2c010b36f6aecde07aef5242bcf8e17b87447355c038894cafe6a608a
וי אר בית מאפה,האצטדיון 25 קרית חיים,חיפה,Haifa,046329165,מאפייה פרוה/חלבי,dairy_pareve,badatz_mehadrin_rubin,1,rubin_restaurants_pdf,5786 (2026),LIST_VERIFIED,FALSE,,9e20a5cedf5a57f5e23e523315301989f962433910e1e90dbb38a5c135c5f81e
ויינר איטליאנו,האצטדיון 25 קרית חיים,חיפה,Haifa,046329165,מסעדה חלבית,dairy,badatz_mehadrin_rubin,1,rubin_restaurants_pdf,5786 (2026),LIST_VERIFIED,FALSE,,21db88721552b25af1a11bb7e1a0ab148866698db04a85ed93772928651baddc
פיצה העמק,בן גוריון 9,חצור הגלילית,Hatzor HaGlilit,049577011,פיצה,dairy,badatz_mehadrin_rubin,1,rubin_restaurants_pdf,5786 (2026),LIST_VERIFIED,FALSE,,7d116f2c8214f83e68dce2b76e1faa21a42ee606580c9c39ec56c0e8ff2a20f5
פיצוחי הגליל כהן,מעלה חוני המעגל 38,חצור הגלילית,Hatzor HaGlilit,,פיצוחים/תבלינים,,badatz_mehadrin_rubin,1,rubin_restaurants_pdf,5786 (2026),LIST_VERIFIED,FALSE,,6dfcb9154775c896ed40bb61567517f3546a51ce2017c0003204aec8ac4944a7
קצפת,שד' הרצל 102 בית הכרם,ירושלים,Jerusalem,,גלידריה,dairy,badatz_mehadrin_rubin,1,rubin_restaurants_pdf,5786 (2026),LIST_VERIFIED,FALSE,,c5682801511c088298cd3b9a5f512bc868ab0e9c819674893602014b678482c9
מאפיית לחם פיינגולד,עוזיאל 92 בית וגן,ירושלים,Jerusalem,,בית קפה חלבי/פרווה,dairy_pareve,badatz_mehadrin_rubin,1,rubin_restaurants_pdf,5786 (2026),LIST_VERIFIED,FALSE,,fe4e3a229d413b6bdf2d66cacfedeecd63303a13e1cb7a3388a4df07c3b4993e
סושי בית וגן,הפסגה 37 בית וגן,ירושלים,Jerusalem,025901155,סושי,,badatz_mehadrin_rubin,1,rubin_restaurants_pdf,5786 (2026),LIST_VERIFIED,FALSE,,fc785006fa415609b30f83a2635b425c8115d5a8dcd4291994dc5e915a3ad51d
מזנון הפסגה,הפסגה 23 בית וגן,ירושלים,Jerusalem,026429240,בשרי,meat,badatz_mehadrin_rubin,1,rubin_restaurants_pdf,5786 (2026),LIST_VERIFIED,FALSE,,8c62534c931af7f549dcb5bd1683ec3d10248900307b32733718d91774320d46
קצפת,ישראל זנגוויל 1 בית וגן,ירושלים,Jerusalem,,גלידריה,dairy,badatz_mehadrin_rubin,1,rubin_restaurants_pdf,5786 (2026),LIST_VERIFIED,FALSE,,3375561e54c9258d76ea1faebdbed1098122fc83192f2c0dde90eea6b11d89c3
נוגטין,עוזיאל 28 בית וגן,ירושלים,Jerusalem,026421242,מסעדה חלבי,dairy,badatz_mehadrin_rubin,1,rubin_restaurants_pdf,5786 (2026),LIST_VERIFIED,FALSE,,96b364172fe5a1c5f5883bc85e772b0017a2a84fbfd7b3aafb4e594d8a51312e
קצפת,שמגר 16 קניון רב שפע בעלז,ירושלים,Jerusalem,,גלידריה,dairy,badatz_mehadrin_rubin,1,rubin_restaurants_pdf,5786 (2026),LIST_VERIFIED,FALSE,,c34b0d5fc1102fe959e03b87eb971e3c48a97213f649e08592f29232124cd5d9
מיני קצפת,שמגר 21 בעלז,ירושלים,Jerusalem,,גלדריה,,badatz_mehadrin_rubin,1,rubin_restaurants_pdf,5786 (2026),LIST_VERIFIED,FALSE,,ac5f1475b1d953251730b801c0d52527eba6571d7818f2b302c3c055dc4b8350
בורגר ביט,שמגר 16 קניון רב שפע בעלז,ירושלים,Jerusalem,025382660,בשרי,meat,badatz_mehadrin_rubin,1,rubin_restaurants_pdf,5786 (2026),LIST_VERIFIED,FALSE,,73b543d8948402b9fa7f1f030551d7158919065b772aad62b7303cb908624e47
מיסטר בייגל,שמגר 16 קניון רב שפע בעלז,ירושלים,Jerusalem,025614444,חלבי,dairy,badatz_mehadrin_rubin,1,rubin_restaurants_pdf,5786 (2026),LIST_VERIFIED,FALSE,,54b5ee5e50cea509692019316cb038ef6832ddd61c86f529928dcc4e1f192cfb
מאפיית THE RYE,הרב סרוצקין 18 בעלז,ירושלים,Jerusalem,0545280234,מאפיית לחמים מיוחדים,,badatz_mehadrin_rubin,1,rubin_restaurants_pdf,5786 (2026),LIST_VERIFIED,FALSE,,07cdaf664da827794b85c25c0b5d30903634d5e5f76bd46c5f2f5d9a25ddfa3a
מיץ פרי,הישיבה 1 גאולה,ירושלים,Jerusalem,0548166359,מיצים,,badatz_mehadrin_rubin,1,rubin_restaurants_pdf,5786 (2026),LIST_VERIFIED,FALSE,,c059f8654a763f04f4a720724726a4a578795bb492c4dacb3c3400f09261231c
סאם בייגל,מלכי ישראל 26 גאולה,ירושלים,Jerusalem,025383262,חלבי,dairy,badatz_mehadrin_rubin,1,rubin_restaurants_pdf,5786 (2026),LIST_VERIFIED,FALSE,,a366758c3e1b688b216473d645b080b2abf3d22f5bd94bc9f0a6620f2a3f013f
קרדו בייקרי,מלכי ישראל 34 גאולה,ירושלים,Jerusalem,,בית מאפה חלבי,dairy,badatz_mehadrin_rubin,1,rubin_restaurants_pdf,5786 (2026),LIST_VERIFIED,FALSE,,bde4ed39d621c2a98283b4f42e2bb78457d3c1d364be9f8685c82c1888651f7d
טשולנט על הגג,מלכי ישראל 5 גאולה,ירושלים,Jerusalem,0546930096,בשרי,meat,badatz_mehadrin_rubin,1,rubin_restaurants_pdf,5786 (2026),LIST_VERIFIED,FALSE,,bc597fc2294485685142b5ea28b0cb0a5c480e5cc6006f4314ac73ea7b2b17ef
חלב ודבש בוטיק קפה,ההגנה 21 מרכז מסחרי גבעה הצרפתית,ירושלים,Jerusalem,,בית קפה,,badatz_mehadrin_rubin,1,rubin_restaurants_pdf,5786 (2026),LIST_VERIFIED,FALSE,,fbd7033b4f819f91035460ed3ce1906d1d18beb182471e8fcd1f7a42dd42c9c0
ריז בורגר,כנפי נשרים 13 גבעת שאול,ירושלים,Jerusalem,,בשרי,meat,badatz_mehadrin_rubin,1,rubin_restaurants_pdf,5786 (2026),LIST_VERIFIED,FALSE,,a3c0c917b03530a824df2b344732767cf5e63ad5353fe53b1d3da9e45f6ee429
פיצה לארי,כנפי נשרים 66 גבעת שאול,ירושלים,Jerusalem,026540383,פיצה,dairy,badatz_mehadrin_rubin,1,rubin_restaurants_pdf,5786 (2026),LIST_VERIFIED,FALSE,,d0c288a21de0d383ffb6f77d7c17ecbb6bbda4c991e5218df44da9a3692de41e
יוסלה מוקיר שבת,אלקבץ 2 גבעת שאול,ירושלים,Jerusalem,0549170420,אוכל מוכן לשבת,,badatz_mehadrin_rubin,1,rubin_restaurants_pdf,5786 (2026),LIST_VERIFIED,FALSE,,43e0b643ba6134e3193e85b7a8119ee5d785765cd9f82355ef30743ec40a4e3d
ביג אפל פיצה,כנפי נשרים 35 גבעת שאול,ירושלים,Jerusalem,,פיצה,dairy,badatz_mehadrin_rubin,1,rubin_restaurants_pdf,5786 (2026),LIST_VERIFIED,FALSE,,c8ddb6e79252edcdba4366287e108af9fa93198a1e3fec03cd56737d76d015f4
מוסקט,כנפי נשרים 24 גבעת שאול,ירושלים,Jerusalem,026524414,חלבי,dairy,badatz_mehadrin_rubin,2,misadot_mehadrin_restaurants_csv;rubin_restaurants_pdf,Tishrei 5787 (Sep 2026),LIST_VERIFIED,FALSE,,c5014d426b60c1841b50ee0e0ae08f6be1b2c0c722063055cac78acdec37cfb4
מאמא טעם של בית,עם ועולמו 3 גבעת שאול,ירושלים,Jerusalem,0586882036,מזנון חלבי,dairy,badatz_mehadrin_rubin,1,rubin_restaurants_pdf,5786 (2026),LIST_VERIFIED,FALSE,,420b9ba9a464215e4abad0b69a5403754d34edcfbbd4919a4bbd142a5d58b365
פאזל סלט קפה ובייגל,כנפי נשרים 10 גבעת שאול,ירושלים,Jerusalem,0774100256,מסעדה וקייטרינג חלבי,dairy,badatz_mehadrin_rubin,1,rubin_restaurants_pdf,5786 (2026),LIST_VERIFIED,FALSE,,cb63b2a004740e6ec61702fb986e3a0553c1e2ee56937f99dc04c7dba172ce8b
קצפת,כנפי נשרים 35 גבעת שאול,ירושלים,Jerusalem,,גלדריה,,badatz_mehadrin_rubin,1,rubin_restaurants_pdf,5786 (2026),LIST_VERIFIED,FALSE,,ae3f0dfe21c0c82b63bf83fb40ba605529c9e8d72cca7bb681f288e4130ceaf4
נוגטין,המרפא 1 הר חוצבים,ירושלים,Jerusalem,026421242,מסעדה חלבי,dairy,badatz_mehadrin_rubin,1,rubin_restaurants_pdf,5786 (2026),LIST_VERIFIED,FALSE,,12ee0d602e01c6465d97dd2e5b585f9d9ac4317e8f4550a4edb028cc79bea70b
"ד""ר פיצה",הרטום 10 הר חוצבים,ירושלים,Jerusalem,025325707,חלבי,dairy,badatz_mehadrin_rubin,1,rubin_restaurants_pdf,5786 (2026),LIST_VERIFIED,FALSE,,e87f0777b96bfbc904a77188af4b44926c1d32f427052766f7bb3f98325df7e8
רודריגז,קרית מדע 3 הר חוצבים,ירושלים,Jerusalem,025815815,מסעדה בשרית,meat,badatz_mehadrin_rubin,1,rubin_restaurants_pdf,5786 (2026),LIST_VERIFIED,FALSE,,b7b843c886119c706f5ac54256c3c2229d4f37f0895d63057fe3d6e6eb6991c4
סאם בורגר,קרית מדע 3 הר חוצבים,ירושלים,Jerusalem,029998190,בשרי,meat,badatz_mehadrin_rubin,1,rubin_restaurants_pdf,5786 (2026),LIST_VERIFIED,FALSE,,b6c507faf9b8ac0671457f5386a83fe469b969055ccc5a1cb00fb060010c8afc
חומוס אליהו,קרית מדע 3 הר חוצבים,ירושלים,Jerusalem,,חומוס,,badatz_mehadrin_rubin,1,rubin_restaurants_pdf,5786 (2026),LIST_VERIFIED,FALSE,,8ffbef12d8d5d1a1cbc59ffcb20b24c40198d7cba7e5eaf0d17d82a2b100711e
קייטרינג לה קארט,קצנלבויגן 55 הר נוף,ירושלים,Jerusalem,0526488934,בשרי וחלבי,mixed,badatz_mehadrin_rubin,1,rubin_restaurants_pdf,5786 (2026),LIST_VERIFIED,FALSE,,3ea76cb5f698b486c155d9a20bd7f1da7c02df46adb4be86269f1d825500390f
בייגלס הר נוף,שאולזון 58 הר נוף,ירושלים,Jerusalem,026522447,חלבי,dairy,badatz_mehadrin_rubin,1,rubin_restaurants_pdf,5786 (2026),LIST_VERIFIED,FALSE,,ba723077db6e0f42ee2b6aec23abaac809f115b802550db21219174aba283a26
נוגטין,שאולזון 49 הר נוף,ירושלים,Jerusalem,026421242,מסעדה חלבי,dairy,badatz_mehadrin_rubin,1,rubin_restaurants_pdf,5786 (2026),LIST_VERIFIED,FALSE,,027dc4a29af84f80061038a959fee9019c9cc9b749ca1e2f47ad2b519e045ad7
סושי בית וגן,כדורי יצחק 2 הר חומה,ירושלים,Jerusalem,025000049,סושי פרווה/חלבי,dairy_pareve,badatz_mehadrin_rubin,1,rubin_restaurants_pdf,5786 (2026),LIST_VERIFIED,FALSE,,30322ba70cfcd217fa9d2fe8b962b13700354fe0967bb1db35eccbda64954e77
סושי טוקיו,זוננפלד 12 מיר,ירושלים,Jerusalem,0765403667,סושי פרווה,pareve,badatz_mehadrin_rubin,1,rubin_restaurants_pdf,5786 (2026),LIST_VERIFIED,FALSE,,e4ceb51f1b8f65dea8ccaf25295e7c15f0d8647cf6da2bc4053a84b54b400fa3
פליימס,בית ישראל 2 מיר,ירושלים,Jerusalem,0548439080,בשרי,meat,badatz_mehadrin_rubin,1,rubin_restaurants_pdf,5786 (2026),LIST_VERIFIED,FALSE,,8307d859654ed0aadd01b82399fe468ac7463b306289e4273ec61ab99ad138a3
טשולנט עולמי / מיטיים,הנגר 2 מיר,ירושלים,Jerusalem,,טוסטים בשרי,meat,badatz_mehadrin_rubin,1,rubin_restaurants_pdf,5786 (2026),LIST_VERIFIED,FALSE,,55f80c7a3e8d2d7a55c1bc4c5581b82c7f8f2e3588b3498cf55239cd7fd78982
פיזליה,משה הס 3 ממילה,ירושלים,Jerusalem,0587732790,פיצה,dairy,badatz_mehadrin_rubin,1,rubin_restaurants_pdf,5786 (2026),LIST_VERIFIED,FALSE,,88a8ce4270ef127cfcd6d10ce9f36654d01716b39e78903f5ec9125b93b63060
פיצה פפידו,שטראוס 3 מרכז,ירושלים,Jerusalem,025333500,פיצה,dairy,badatz_mehadrin_rubin,1,rubin_restaurants_pdf,5786 (2026),LIST_VERIFIED,FALSE,,c955e4ec0a5658fcf0b35e66424197ba9d30b0f57530fd801c53ac4d02125e58
פיצה האט TAKE AWAY,בן הלל 15 מרכז,ירושלים,Jerusalem,1700506070,פיצה,dairy,badatz_mehadrin_rubin,1,rubin_restaurants_pdf,5786 (2026),LIST_VERIFIED,FALSE,,d5797cf72b16cfd6311edcd4286daf166c095e0a47e5d17ecb9f926a612b287c
פיצה האט TAKE AWAY,יפו 228 מרכז,ירושלים,Jerusalem,1700506070,פיצה,dairy,badatz_mehadrin_rubin,1,rubin_restaurants_pdf,5786 (2026),LIST_VERIFIED,FALSE,,afdbbf72d758eaec8f8bd12ae6cc01c6de3e9cfc5244331302fe01f9f94c5e49
סושי פיוז,מרכז,ירושלים,Jerusalem,0534933893,פרווה,pareve,badatz_mehadrin_rubin,1,rubin_restaurants_pdf,5786 (2026),LIST_VERIFIED,FALSE,,8a68ac7fa13335797429d02a92e2ab76391727120628d559bc3efb7115e32bfe
מאפיית לחם פיינגולד,פינת האפרסק 1 מרכז,ירושלים,Jerusalem,,לחמים,,badatz_mehadrin_rubin,1,rubin_restaurants_pdf,5786 (2026),LIST_VERIFIED,FALSE,,3f26178b407b61a8b99e8a683e3d59a5d1dc0e1ea2343cbc506530f4481f2e62
סושי טוקיו,אגריפס 111 מרכז,ירושלים,Jerusalem,0765403667,סושי פרווה,pareve,badatz_mehadrin_rubin,1,rubin_restaurants_pdf,5786 (2026),LIST_VERIFIED,FALSE,,3a98d0d9dd72325855d223c374897d587f61775d843db9b5f529b8024c9d330f
מגדניית מרציפן,אגריפס 44 מרכז,ירושלים,Jerusalem,,מאפייה פרוה/חלבי,dairy_pareve,badatz_mehadrin_rubin,1,rubin_restaurants_pdf,5786 (2026),LIST_VERIFIED,FALSE,,cd173644741ccb25ca3790289963bae8e710f7e39647a8b6daf15ae25126ae15
מגדניית מרציפן,אגריפס 81 מרכז,ירושלים,Jerusalem,,מאפייה פרוה/חלבי,dairy_pareve,badatz_mehadrin_rubin,1,rubin_restaurants_pdf,5786 (2026),LIST_VERIFIED,FALSE,,19f85156c14e3a73128e58b8dfdf72ddb4652abd56da621a97d427f084e8e503
גבינה ועגבניה,המלך ג'ורג' 52 מרכז,ירושלים,Jerusalem,025666060,חלבי,dairy,badatz_mehadrin_rubin,1,rubin_restaurants_pdf,5786 (2026),LIST_VERIFIED,FALSE,,60188f650447f33aace5dd6dcb57fa8e8cc15eb7407267d7afb8c503d7c8f855
פיצה האט,זלמן שניאור 1 ת. דקל מנטה ניות,ירושלים,Jerusalem,1700506070,פיצה,dairy,badatz_mehadrin_rubin,1,rubin_restaurants_pdf,5786 (2026),LIST_VERIFIED,FALSE,,01a48eb0ff9d0d13fbd1fe7a8a9236871e14a8f0e5abb91b25bc5889d8546977
פיצה רויאל,מרכז מסחרי נווה יעקב,ירושלים,Jerusalem,025833992,חלבי,dairy,badatz_mehadrin_rubin,1,rubin_restaurants_pdf,5786 (2026),LIST_VERIFIED,FALSE,,de4adb0701ff32d428421261ee857163fba637ee2e5fa9ebbc230f79bb86b58f
מפגש האש שלי,מרכז מסחרי נווה יעקב,ירושלים,Jerusalem,,בשרי,meat,badatz_mehadrin_rubin,1,rubin_restaurants_pdf,5786 (2026),LIST_VERIFIED,FALSE,,29484f6909c59df8c12a116075ad8bb7fbfcdd35189e8546a7b2d4a836e85f13
לעילא,עלי הכהן 15 עזרת תורה,ירושלים,Jerusalem,026339594,מזנון מהיר בשרי,meat,badatz_mehadrin_rubin,1,rubin_restaurants_pdf,5786 (2026),LIST_VERIFIED,FALSE,,7972b12c4c26e36b7a4f4bc9cd74efd72013792d789165577b1f3252cf59fff3
מאפיית לחם פיינגולד,"הפלמ""ח 42 עמק רפאים",ירושלים,Jerusalem,,בית קפה חלבי/פרווה,dairy_pareve,badatz_mehadrin_rubin,1,rubin_restaurants_pdf,5786 (2026),LIST_VERIFIED,FALSE,,18989ec3d55b5a70a10b535c03ea79c4f21851178742388b4c9d9917ac64399c
מאפיית לחם פיינגולד,הרכבת 20 קטמון,ירושלים,Jerusalem,,בית קפה חלבי/פרווה,dairy_pareve,badatz_mehadrin_rubin,1,rubin_restaurants_pdf,5786 (2026),LIST_VERIFIED,FALSE,,8f6279ad7f1f4d9f4a9b451080b6799210fb2aaef342105d57b851369726c6cd
פיצה האט,אורגוואי 1 מרכז מסחרי קרית יובל,ירושלים,Jerusalem,1700506070,פיצה,dairy,badatz_mehadrin_rubin,1,rubin_restaurants_pdf,5786 (2026),LIST_VERIFIED,FALSE,,2e5f13107a79d8fd2b99b0b4a995b47e76110cd8978d4e5f3485375cbc492015
סושי טוקיו,תפארת ישראל 7 רובע יהודי,ירושלים,Jerusalem,0765403667,סושי פרווה,pareve,badatz_mehadrin_rubin,1,rubin_restaurants_pdf,5786 (2026),LIST_VERIFIED,FALSE,,ee4d43753b2479c1dc80ea5d9273123411c0dce940f2a68771579e4491c7b195
מיט סטיישן,תפארת ישראל 2 רובע יהודי,ירושלים,Jerusalem,026263092,בשרי,meat,badatz_mehadrin_rubin,1,rubin_restaurants_pdf,5786 (2026),LIST_VERIFIED,FALSE,,aed3fbb47b9495a267e0d13ce34b092b6ed50bdfbf281d05da5fd9d14bc0fa5e
פאפס,תפארת ישראל 2 רובע יהודי,ירושלים,Jerusalem,026263092,בשרי,meat,badatz_mehadrin_rubin,1,rubin_restaurants_pdf,5786 (2026),LIST_VERIFIED,FALSE,,3c15370258bb1144e83f3cc7776580adcf29193250179f718bbce4bef85ebf33
גלידה ברובע,תפארת ישראל 18 רובע יהודי,ירושלים,Jerusalem,025852184,חלבי/פרווה,dairy_pareve,badatz_mehadrin_rubin,1,rubin_restaurants_pdf,5786 (2026),LIST_VERIFIED,FALSE,,f3ce66dc0619270e22fc082a68dc9eed03f2508ad4daff1980a9f2b9f29a8ee1
סלט אקספרס,משגב לדך 40 רובע יהודי,ירושלים,Jerusalem,0506363560,סנדויצים פרווה/חלבי,dairy_pareve,badatz_mehadrin_rubin,1,rubin_restaurants_pdf,5786 (2026),LIST_VERIFIED,FALSE,,38186b83310ab77ef54532639164a9c73a7a4274e5da333d5cfcf953466e78ae
מעדני השבת,"חב""ד 62 רובע יהודי",ירושלים,Jerusalem,0548921433,אוכל מוכן לשבת,,badatz_mehadrin_rubin,1,rubin_restaurants_pdf,5786 (2026),LIST_VERIFIED,FALSE,,bdcda6a9eb371d453a575d122c64667af74bfa4c51ea2b750a90917d6002c60f
קצפת,היהודים 123 רובע יהודי,ירושלים,Jerusalem,,גלידריה,dairy,badatz_mehadrin_rubin,1,rubin_restaurants_pdf,5786 (2026),LIST_VERIFIED,FALSE,,bedb93141ba0e70085067ae410f59edbbcccdea8d93299d394fcb2b72e5426a9
פיצה מוצרלה,בית אל 1 רובע יהודי,ירושלים,Jerusalem,,פיצריה,dairy,badatz_mehadrin_rubin,1,rubin_restaurants_pdf,5786 (2026),LIST_VERIFIED,FALSE,,dd2e4d8f6d767634813ac53314198ea47f23e646a32246256705aa2ae1fe32f9
הולי בייגל,תפארת ישראל 5 רובע יהודי,ירושלים,Jerusalem,026280081,מסעדה חלבית,dairy,badatz_mehadrin_rubin,1,rubin_restaurants_pdf,5786 (2026),LIST_VERIFIED,FALSE,,c406146802673a10b5aa59e43e8387f5bc62f4a08cb45d85a02917da273c479f
אצה סושי בר,ירמיהו 13 רוממה,ירושלים,Jerusalem,025026232,מסעדה בשרי/פרוה,meat,badatz_mehadrin_rubin,1,rubin_restaurants_pdf,5786 (2026),LIST_VERIFIED,FALSE,,4e6970b6cc0b9ae95a6b1025349e8500f20ecb397fc14798a7bb220b9017529c
קצפת,שרי ישראל 15 רוממה,ירושלים,Jerusalem,,גלדריה,,badatz_mehadrin_rubin,1,rubin_restaurants_pdf,5786 (2026),LIST_VERIFIED,FALSE,,0c8af6dd3adb52172d14874f65b2c2a8bbb5a60732c4c62b380254df7dcade07
מאפיית לחם פיינגולד,ירמיהו 68 רוממה,ירושלים,Jerusalem,,לחמים,,badatz_mehadrin_rubin,1,rubin_restaurants_pdf,5786 (2026),LIST_VERIFIED,FALSE,,8db101f232fcb2147d72ea4974b034c88e3da386f3205e64d2574f0ea5b04dbd
קצפת,קרן קיימת 19 רחביה,ירושלים,Jerusalem,,גלדריה,,badatz_mehadrin_rubin,1,rubin_restaurants_pdf,5786 (2026),LIST_VERIFIED,FALSE,,eec990489c18e41f15e28b478a201b71ecd06460a4054e94970d9adad3182a70
מאפיית מזון פנאני,"רמב""ן 8 רחביה",ירושלים,Jerusalem,025026500,מאפייה פרוה/חלבי,dairy_pareve,badatz_mehadrin_rubin,1,rubin_restaurants_pdf,5786 (2026),LIST_VERIFIED,FALSE,,f56d5564662595cef4c08593950976ce308ecc1d3682d80ff930a4074bf4d22d
גרין גוט פוד,קרן קיימת 26 רחביה,ירושלים,Jerusalem,025635680,מסעדה חלבי,dairy,badatz_mehadrin_rubin,1,rubin_restaurants_pdf,5786 (2026),LIST_VERIFIED,FALSE,,32a1b8e17948d68aee2940c45ba55187b048f09b8abc70ceafe50953ca008671
הקפה של נתן,אוסישקין 37 רחביה,ירושלים,Jerusalem,,טוסטים חלבי,dairy,badatz_mehadrin_rubin,1,rubin_restaurants_pdf,5786 (2026),LIST_VERIFIED,FALSE,,6f696bc17931d1d9c7032fcc8de7fbdb23c70305ad321d9023812b7f8058d0bf
דה פורסט,דרך החורש 90 רמות,ירושלים,Jerusalem,025868787,בית קפה חלבי,dairy,badatz_mehadrin_rubin,1,rubin_restaurants_pdf,5786 (2026),LIST_VERIFIED,FALSE,,5e5235c69611b10a02d27ee8e0628f5c9a15915a73860190692b5d46f68a75b4
פיצה האט,שד' גולדה מאיר קניון רמות,ירושלים,Jerusalem,1700506070,פיצה,dairy,badatz_mehadrin_rubin,1,rubin_restaurants_pdf,5786 (2026),LIST_VERIFIED,FALSE,,4e977b73d3d2b52a73706692473190a1a8426c2a51c5d4de6903182537545596
אדמה ציפס,שד' גולדה מאיר קניון רמות,ירושלים,Jerusalem,,פרווה,pareve,badatz_mehadrin_rubin,1,rubin_restaurants_pdf,5786 (2026),LIST_VERIFIED,FALSE,,f849965f6774861b3faf77b5206532906aee25d25919f44730a3f0c8556f57f4
וופל בר,שד' גולדה מאיר קניון רמות,ירושלים,Jerusalem,025702525,מסעדה חלבי,dairy,badatz_mehadrin_rubin,1,rubin_restaurants_pdf,5786 (2026),LIST_VERIFIED,FALSE,,be8ecb2937f312cc7ac5fac6ef5ce39540dbb0a86de17d33b2d0a68e5aaa3856
ג'וסי בר,שד' גולדה מאיר קניון רמות,ירושלים,Jerusalem,0549404194,"דוכן, חלבי",dairy,badatz_mehadrin_rubin,1,rubin_restaurants_pdf,5786 (2026),LIST_VERIFIED,FALSE,,8b966d9f50fe0fef35373df6fdc28cd418eade3cfe0e2d8eadec326407f24890
הולי בייגל,שד' גולדה מאיר קניון רמות,ירושלים,Jerusalem,025796034,מסעדה חלבית,dairy,badatz_mehadrin_rubin,1,rubin_restaurants_pdf,5786 (2026),LIST_VERIFIED,FALSE,,ff8c0903f4ed0b147e3a06128851e5d8179e76a8a13896000ab4e7d9f0bcdcbb
קצפת,שד' גולדה מאיר קניון רמות,ירושלים,Jerusalem,,גלדריה,,badatz_mehadrin_rubin,1,rubin_restaurants_pdf,5786 (2026),LIST_VERIFIED,FALSE,,1568f834225b5c34efee0e83da8dda12ac614969fd1bd99d2212ee2597227c95
פיצה ירושלים 2,כיסופים 801 רמות,ירושלים,Jerusalem,025863004,פיצה,dairy,badatz_mehadrin_rubin,1,rubin_restaurants_pdf,5786 (2026),LIST_VERIFIED,FALSE,,175dd97a18f828e203dd66fe57057a36e630f7096b33981b51ba0805ef46e76c
קייטרינג פריים,רובין 30 רמות,ירושלים,Jerusalem,0527699290,קייטרינג בשרי,meat,badatz_mehadrin_rubin,1,rubin_restaurants_pdf,5786 (2026),LIST_VERIFIED,FALSE,,4b1a5f0cbb34e42a21a5467a7a4af2ed85e58e09a61b3a26949207f6f1cede1e
פסטה בר 20,שד' גולדה מאיר קניון רמות,ירושלים,Jerusalem,025796034,מסעדה חלבית,dairy,badatz_mehadrin_rubin,1,rubin_restaurants_pdf,5786 (2026),LIST_VERIFIED,FALSE,,236c277147918d8e2076d59404c8b49fce3af672f177c69094fc3667458bcf01
שימיס,פארן 7 רמת אשכול,ירושלים,Jerusalem,,בשרי,meat,badatz_mehadrin_rubin,1,rubin_restaurants_pdf,5786 (2026),LIST_VERIFIED,FALSE,,0212f567e43286418bd654a609fdc9328c585b7e0d3aae5f7213ac18ef6fd660
ביג אפל פיצה,פארן 5 רמת אשכול,ירושלים,Jerusalem,025327798,פיצה,dairy,badatz_mehadrin_rubin,1,rubin_restaurants_pdf,5786 (2026),LIST_VERIFIED,FALSE,,d2ef7ac2d9d217b7eb446da3e18728804825438c24aa9171b77f695423d11018
אין בורגר,פארן 7 רמת אשכול,ירושלים,Jerusalem,0545670755,בשרי,meat,badatz_mehadrin_rubin,1,rubin_restaurants_pdf,5786 (2026),LIST_VERIFIED,FALSE,,9fba46357bf0592abf1d7671d002463c9440bb456787701fd239ea8b529929cc
וופל בר,פארן 7 רמת אשכול,ירושלים,Jerusalem,025815434,חלבי,dairy,badatz_mehadrin_rubin,1,rubin_restaurants_pdf,5786 (2026),LIST_VERIFIED,FALSE,,b8402337bc3dce6b7859e66dc3bba692b8752033b98f30e297b62bed77ac4aa5
מגדנית גרליץ,מעבר המתלה 5 רמת אשכול,ירושלים,Jerusalem,025815257,מאפייה פרוה/חלבי,dairy_pareve,badatz_mehadrin_rubin,1,rubin_restaurants_pdf,5786 (2026),LIST_VERIFIED,FALSE,,eaa0cb4bf7d0dc0fdcaa85fdc79cad229085a41f099e6db76a13035507b61f86
סאם בייגל,פארן 15 רמת אשכול,ירושלים,Jerusalem,025813388,חלבי,dairy,badatz_mehadrin_rubin,1,rubin_restaurants_pdf,5786 (2026),LIST_VERIFIED,FALSE,,57dbb7bfe37abbd1a427f699235270bebd82d1280a277c1f63f21d2867dae174
מאפיית לחם פיינגולד,פארן 7 רמת אשכול,ירושלים,Jerusalem,,לחמים,,badatz_mehadrin_rubin,1,rubin_restaurants_pdf,5786 (2026),LIST_VERIFIED,FALSE,,de7a760a8fb56b721b94756b587c11f58dbd3455b5571bc15ac6b9a4eca821b5
פיצה רימיני,פארן 9 רמת אשכול,ירושלים,Jerusalem,025815405,חלבי,dairy,badatz_mehadrin_rubin,1,rubin_restaurants_pdf,5786 (2026),LIST_VERIFIED,FALSE,,519a78d5f563cce98b0fe1a31a0cf6e5e1754ff243c3cd9eee9bb9d0dbf3fd9d
קצפת,פארן 9 רמת אשכול,ירושלים,Jerusalem,,גלידריה,dairy,badatz_mehadrin_rubin,1,rubin_restaurants_pdf,5786 (2026),LIST_VERIFIED,FALSE,,40bbed0a49f8cb343a5e88fd872c75fa25d15f9b2dac49ea2e1411eac829f37e
סמודי,פארן 14 רמת אשכול,ירושלים,Jerusalem,,גלידריה,dairy,badatz_mehadrin_rubin,1,rubin_restaurants_pdf,5786 (2026),LIST_VERIFIED,FALSE,,7262a9f4e5f3a61fdcd2fa1cb8744fb34d6efdb3dd2863b848f6fca5b884d899
"ד""ר טוסט",שמואל הנביא 100,ירושלים,Jerusalem,025820058,חלבי,dairy,badatz_mehadrin_rubin,1,rubin_restaurants_pdf,5786 (2026),LIST_VERIFIED,FALSE,,f34aa2672e7fd15c6b0c09516570a1e6457175afa827021cfee19893920ee4a2
דנבר סטייק האוס,דרך חברון 101 תלפיות,ירושלים,Jerusalem,025664466,מסעדה בשרית,meat,badatz_mehadrin_rubin,1,rubin_restaurants_pdf,5786 (2026),LIST_VERIFIED,FALSE,,8192a1d62e74e18550be3e42dc3e6744fa4ceff2c24148bf1bedbc2a2f37510f
מאפיית פיינגולד,האומן 29 תלפיות,ירושלים,Jerusalem,,מאפייה פרוה,pareve,badatz_mehadrin_rubin,1,rubin_restaurants_pdf,5786 (2026),LIST_VERIFIED,FALSE,,80eac3a422f4d7504c5191185be38c353bdd20b11389e6e2c1fd4e5b5e08ae9d
קצפת,שד' לכיש 153,כרמי גת,Karmei Gat,,גלידריה,dairy,badatz_mehadrin_rubin,1,rubin_restaurants_pdf,5786 (2026),LIST_VERIFIED,FALSE,,7f8c503cf6f5155ad71309cb8af9c55d3824ae56e1260c492840710708ec4abd
פיצה האט,משה אדרת 1,לוד,Lod,1700506070,פיצה,dairy,badatz_mehadrin_rubin,1,rubin_restaurants_pdf,5786 (2026),LIST_VERIFIED,FALSE,,dfa32c06043ca4d0fdba77b5c6adb5d8cca0ede0802dd2825cf5717ccd01863f
אצל שמעון,צומת מושב מירון,מירון,Meron,0523283532,מסעדה בשרית,meat,badatz_mehadrin_rubin,1,rubin_restaurants_pdf,5786 (2026),LIST_VERIFIED,FALSE,,06179e14f8d0220b8d05fd3dbeddf7a744c26dc04c771737e9d41ff411bff2d3
בית מאפה עידית,פריאל 3,מישור אדומים,Mishor Adumim,026563953,מאפייה פרוה/חלבי,dairy_pareve,badatz_mehadrin_rubin,1,rubin_restaurants_pdf,5786 (2026),LIST_VERIFIED,FALSE,,e6b2cf647d425070c406996936df10cfd0cc4f2e5f23713dd164a5a92d52e37c
פיצה מאנציז,דקלה 6,מישור אדומים,Mishor Adumim,,פיצה,dairy,badatz_mehadrin_rubin,1,rubin_restaurants_pdf,5786 (2026),LIST_VERIFIED,FALSE,,af36009b1f174297278caee42ad42e34999ba3daa8dbadefc3fb2ec0ef0d5a3b
פיצה סופר,שד' ירושלים 134,נתיבות,Netivot,089932860,פיצה,dairy,badatz_mehadrin_rubin,1,rubin_restaurants_pdf,5786 (2026),LIST_VERIFIED,FALSE,,e7156678a02a2c4617fc3da6d19e868ca6b876e0902340aea479c1da2e1520a2
פיצה האט,שד' משה דיין 164,פסגת זאב,Jerusalem (Pisgat Ze'ev),1700506070,פיצה,dairy,badatz_mehadrin_rubin,1,rubin_restaurants_pdf,5786 (2026),LIST_VERIFIED,FALSE,,93e6fcd2321502c42c923944d2c54219b68b08030856201c06c59966772eef4e
קצפת,שד' משה דיין קניון לב הפסגה,פסגת זאב,Jerusalem (Pisgat Ze'ev),,גלדריה,,badatz_mehadrin_rubin,1,rubin_restaurants_pdf,5786 (2026),LIST_VERIFIED,FALSE,,43b13ec23e15b247ebcb8cf75c61f3e00db3c5dfb0fb8c3fc37edc239c2981e3
ג'ולייטה,ישעיהו המשורר 11,פתח תקוה,Petah Tikva,0556688755,"גלידריה, טוסטים, פיצות",dairy,badatz_mehadrin_rubin,1,rubin_restaurants_pdf,5786 (2026),LIST_VERIFIED,FALSE,,8ea17971e81ca2060600a8b40b5b89044580b1749ae37e0a857bcb77e5de8c44
פיצה האט,עין גנים 96,פתח תקוה,Petah Tikva,1700506070,פיצה,dairy,badatz_mehadrin_rubin,1,rubin_restaurants_pdf,5786 (2026),LIST_VERIFIED,FALSE,,d9f7a9e35c2c67c5d36fee7b0e3b687370104c2c9a7342b651afb084bdc4789d
מאפיית פת הנחתום,המלך כורש 1,פתח תקוה,Petah Tikva,0504000521,מאפייה פרווה וחלבי,dairy_pareve,badatz_mehadrin_rubin,1,rubin_restaurants_pdf,5786 (2026),LIST_VERIFIED,FALSE,,a5d19fd8d0ec3827ff7f8449e30666a4e281cfa9215cab72d863a01ba9523027
"פיצה רשב""י",וייצמן 11,צפת,Safed,046921005,פיצה,dairy,badatz_mehadrin_rubin,1,rubin_restaurants_pdf,5786 (2026),LIST_VERIFIED,FALSE,,6980115f0de9ca135275658e88491286d16c9b08303d1f7d924c8c7c7bf4731a
שניצל פלוס,הרצל 20,צפת,Safed,048723322,פלאפל+שניצל,,badatz_mehadrin_rubin,1,rubin_restaurants_pdf,5786 (2026),LIST_VERIFIED,FALSE,,273db7df093a55bb11bf7bc7fa01ce879b3fc4a979032221e5ddab53e89ad12f
שווארמה חזאקי,זכריה מדאר 30,רחובות,Rehovot,089364222,שווארמה,,badatz_mehadrin_rubin,1,rubin_restaurants_pdf,5786 (2026),LIST_VERIFIED,FALSE,,7b318620d1a1136ddcde89f4ce293c8cca011390a5fa4d85301768e4491e7de1
פיצה הכפריה,וינר יוסף 9,רחובות,Rehovot,089477887,פיצה,dairy,badatz_mehadrin_rubin,1,rubin_restaurants_pdf,5786 (2026),LIST_VERIFIED,FALSE,,3e2115246d35ed213a9549ce9dd6f97cfd7465654a753310893bf64d0e004ddb
פלאפל הלב הרחב,וינר יוסף 9,רחובות,Rehovot,089477887,פלאפל פרווה,pareve,badatz_mehadrin_rubin,1,rubin_restaurants_pdf,5786 (2026),LIST_VERIFIED,FALSE,,c3c276d3c5ac111c4fb830f422d79b1fe3ec1d250ac9df18a56193e6d97ee78e
בילקעל'ה,"חי""ש 3",רחובות,Rehovot,0722382121,מאפייה פרוה/חלבי,dairy_pareve,badatz_mehadrin_rubin,1,rubin_restaurants_pdf,5786 (2026),LIST_VERIFIED,FALSE,,94cabd1a2cbca75dc142c45b54ca9df1e3adcf5fbce657560e7307cc0089dad3
מאפיית דהרי זכריה,אפרים זקש 48,רחובות,Rehovot,089419685,מאפיית פיתות,,badatz_mehadrin_rubin,1,rubin_restaurants_pdf,5786 (2026),LIST_VERIFIED,FALSE,,a54c84fed5773bfb638638ad286be806c4ba1ac5d6df1c48f5a36ddb7ec31e44
הערשי'ס קייטרינג,"חי""ש 3",רחובות,Rehovot,0504129416,קייטרינג בשרי,meat,badatz_mehadrin_rubin,1,rubin_restaurants_pdf,5786 (2026),LIST_VERIFIED,FALSE,,38f39cb090c8135e47239166a241676b3c2317ea2c5acd38122d116e4e67a1ff
פיצה האט,משה לוי 23,רמלה,Ramla,1700506070,פיצה,dairy,badatz_mehadrin_rubin,1,rubin_restaurants_pdf,5786 (2026),LIST_VERIFIED,FALSE,,05f89a55a1c1bd6d5cf86cac7a0c57cb2819937355255aeadc6a1ef1e33b760c
טייסטי מיט,חיבת ציון 45,רמת גן,Ramat Gan,038020700,טוסט נקניק בשרי,meat,badatz_mehadrin_rubin,1,rubin_restaurants_pdf,5786 (2026),LIST_VERIFIED,FALSE,,a7a8f0720551384defd862d1c23e332b03a69cccdf935cb22ca65126287897fa
בייגלק,מרכז ירדן צומת שילת,שילת,Shilat,0555590124,מסעדה חלבית,dairy,badatz_mehadrin_rubin,1,rubin_restaurants_pdf,5786 (2026),LIST_VERIFIED,FALSE,,d91d9ab1d122fa6ac552639e1ef6dc55610c5df5b727efa211983a4f295dcc6a
א טעימה,זוננפלד 30,ירושלים,Jerusalem,025717002,מסעדה/אוכל מוכן בשרי-פרווה,meat,badatz_eda_haredit,1,eda_haredit_jerusalem_poster,Summer 5786 (2026),UNKNOWN_PENDING_VERIFICATION,TRUE,phone-to-row alignment on poster imperfect; verify phone,04124a749538831e19717790ab5adc45e1360e39ed6cf3d2913f237cb6b424f2
אנטריקוט,קרית המדע 1 הר חוצבים,ירושלים,Jerusalem,025855359,מסעדה/אוכל מוכן בשרי-פרווה,meat,badatz_eda_haredit,1,eda_haredit_jerusalem_poster,Summer 5786 (2026),UNKNOWN_PENDING_VERIFICATION,TRUE,phone-to-row alignment on poster imperfect; verify phone,34a8c60b9b5688de564830ee2101b9cc976b11508550e4b4008bedd706f5dba5
בורגר פלאפל בר אילן - בשרי,שמואל הנביא 99 צומת בר אילן,ירושלים,Jerusalem,025384534,מסעדה/אוכל מוכן בשרי-פרווה,meat,badatz_eda_haredit,1,eda_haredit_jerusalem_poster,Summer 5786 (2026),UNKNOWN_PENDING_VERIFICATION,TRUE,phone-to-row alignment on poster imperfect; verify phone,22c09d6e4ddec58667b6b8523968b529bcdd2c6d2d04737d9a197d18021160f9
גולדיס בית ישראל,עזרת תורה 18,ירושלים,Jerusalem,0586601445,מסעדה/אוכל מוכן בשרי-פרווה,meat,badatz_eda_haredit,1,eda_haredit_jerusalem_poster,Summer 5786 (2026),UNKNOWN_PENDING_VERIFICATION,TRUE,phone-to-row alignment on poster imperfect; verify phone,aa0a449c318afd3f80817387dfefbe546f0e5b66fa10d9026f954292e98e92f0
בני'ס,אדוניהו הכהן 9,ירושלים,Jerusalem,025382832,מסעדה/אוכל מוכן בשרי-פרווה,meat,badatz_eda_haredit,1,eda_haredit_jerusalem_poster,Summer 5786 (2026),UNKNOWN_PENDING_VERIFICATION,TRUE,phone-to-row alignment on poster imperfect; verify phone,ba6a8596268a27abd9d323dee969c5e26876609c8e1a1ea97ec9d512ce74068f
הדר גאולה,פארן מרכז מסחרי / גבעת משה 5 / מלכי ישראל 13,ירושלים,Jerusalem,0504800999,מסעדה/אוכל מוכן בשרי-פרווה,meat,badatz_eda_haredit,1,eda_haredit_jerusalem_poster,Summer 5786 (2026),UNKNOWN_PENDING_VERIFICATION,TRUE,phone-to-row alignment on poster imperfect; verify phone,2dff75f27043b5d3cd567839d4b3534bd3719dc220aea7f6e1b7e2a069c1afcf
המסעדה של קרויזר,חסידי קרלין 16,ירושלים,Jerusalem,025646021,מסעדה/אוכל מוכן בשרי-פרווה,meat,badatz_eda_haredit,1,eda_haredit_jerusalem_poster,Summer 5786 (2026),UNKNOWN_PENDING_VERIFICATION,TRUE,phone-to-row alignment on poster imperfect; verify phone,240e16f9b1e494d4fb5bdc36f189c0ae32cc27c5a43d02f0910b7f2899264bd4
המעדנייה לייזרוביץ,הפסגה 25 בית וגן,ירושלים,Jerusalem,0506800688,מסעדה/אוכל מוכן בשרי-פרווה,meat,badatz_eda_haredit,1,eda_haredit_jerusalem_poster,Summer 5786 (2026),UNKNOWN_PENDING_VERIFICATION,TRUE,phone-to-row alignment on poster imperfect; verify phone,d4084825cd46ac7178c8faa9ffbe939a0f63a9d6bfc393560541de0b3f025897
זלמנ'ס רוממה,קניון רמות / ירמיהו 9 מתחם שערי רווחה,ירושלים,Jerusalem,,מסעדה/אוכל מוכן בשרי-פרווה,meat,badatz_eda_haredit,1,eda_haredit_jerusalem_poster,Summer 5786 (2026),UNKNOWN_PENDING_VERIFICATION,TRUE,phone-to-row alignment on poster imperfect; verify phone,80211f0c3ff087c23245cb6188677dad855cd17c85a2ab61fc707cf78009a8b0
לימונ'ס (מתחם שערי רווחה),בריינדס 3,ירושלים,Jerusalem,0527661885,מסעדה/אוכל מוכן בשרי-פרווה,meat,badatz_eda_haredit,1,eda_haredit_jerusalem_poster,Summer 5786 (2026),UNKNOWN_PENDING_VERIFICATION,TRUE,phone-to-row alignment on poster imperfect; verify phone,b3d3e3bde9893de18cd12696fc7869f301ad63a11a6ae477503c0ecd78719eb5
יואלי'ס,זוננפלד 3,ירושלים,Jerusalem,025023807,מסעדה/אוכל מוכן בשרי-פרווה,meat,badatz_eda_haredit,1,eda_haredit_jerusalem_poster,Summer 5786 (2026),UNKNOWN_PENDING_VERIFICATION,TRUE,phone-to-row alignment on poster imperfect; verify phone,6daf1142fd032826f20d799e774ff36950e67606726ef1e19fbdcbe8e6951144
מסעדת הבית לה קאזה,יעקב מאיר 12,ירושלים,Jerusalem,025370590,מסעדה/אוכל מוכן בשרי-פרווה,meat,badatz_eda_haredit,1,eda_haredit_jerusalem_poster,Summer 5786 (2026),UNKNOWN_PENDING_VERIFICATION,TRUE,phone-to-row alignment on poster imperfect; verify phone,48e50ba7545e6617230e2b02ee6ad530f75d8f9b52b836bf04a5813e539c1ac1
מעדני גאולה,שטראוס 38,ירושלים,Jerusalem,026222829,מסעדה/אוכל מוכן בשרי-פרווה,meat,badatz_eda_haredit,1,eda_haredit_jerusalem_poster,Summer 5786 (2026),UNKNOWN_PENDING_VERIFICATION,TRUE,phone-to-row alignment on poster imperfect; verify phone,bd6c6f0ef8e5aac754c26af99ced2e783051b7398065a6fa6ae40026e3e03bc6
מעדני מלכות,יחזקאל 20,ירושלים,Jerusalem,025388888,מסעדה/אוכל מוכן בשרי-פרווה,meat,badatz_eda_haredit,1,eda_haredit_jerusalem_poster,Summer 5786 (2026),UNKNOWN_PENDING_VERIFICATION,TRUE,phone-to-row alignment on poster imperfect; verify phone,8466f178154eb716672dda6a28bc19017a86e7fe5285ff2ab5a580ce7dbbd863
מפגש האש,ירמיהו 23,ירושלים,Jerusalem,025377000,מסעדה/אוכל מוכן בשרי-פרווה,meat,badatz_eda_haredit,1,eda_haredit_jerusalem_poster,Summer 5786 (2026),UNKNOWN_PENDING_VERIFICATION,TRUE,phone-to-row alignment on poster imperfect; verify phone,3b82a70b7a2fa2abeb483c202da3356b1631d47c44f0bfd597c2bba2d996ddcd
קבלרו,המרפא 1 הר חוצבים,ירושלים,Jerusalem,025380742,מסעדה/אוכל מוכן בשרי-פרווה,meat,badatz_eda_haredit,1,eda_haredit_jerusalem_poster,Summer 5786 (2026),UNKNOWN_PENDING_VERIFICATION,TRUE,phone-to-row alignment on poster imperfect; verify phone,b5cd44b979737f5c2293dc9cafad7928cd01c158380bd634b3f3696e851a5b3b
קוריץ,"רלב""ח 5",ירושלים,Jerusalem,,מסעדה/אוכל מוכן בשרי-פרווה,meat,badatz_eda_haredit,1,eda_haredit_jerusalem_poster,Summer 5786 (2026),UNKNOWN_PENDING_VERIFICATION,TRUE,phone-to-row alignment on poster imperfect; verify phone,aa15e696e04af0adf196a01585d543daf37241d6afa6b0ed2660df76e6a87980
אייס סטורי,שמגר 14,ירושלים,Jerusalem,029972601,מסעדה/מזון מוכן חלבי,dairy,badatz_eda_haredit,1,eda_haredit_jerusalem_poster,Summer 5786 (2026),LIST_VERIFIED,FALSE,,69f0c5c4d532b1d2524cc7747becd1679f50a9092be558d8eed57f0b098a6041
בוש בייגלס,צפניה 61 פינת בר אילן,ירושלים,Jerusalem,026514123,מסעדה/מזון מוכן חלבי,dairy,badatz_eda_haredit,1,eda_haredit_jerusalem_poster,Summer 5786 (2026),LIST_VERIFIED,FALSE,,c7f403a7d8bdf82ec0349b2f6232a0469038f773809849f328576ff2ca64bf1b
בייגל קפה אקספרס,פארן 7 מרכז מסחרי,ירושלים,Jerusalem,1700500751,מסעדה/מזון מוכן חלבי,dairy,badatz_eda_haredit,1,eda_haredit_jerusalem_poster,Summer 5786 (2026),LIST_VERIFIED,FALSE,,b53acd01ec170912187326eceef8280e2273d49b96d632118758f813a90d8b01
ביג בייט,שמגר 16,ירושלים,Jerusalem,025382660,מסעדה/מזון מוכן חלבי,dairy,badatz_eda_haredit,1,eda_haredit_jerusalem_poster,Summer 5786 (2026),LIST_VERIFIED,FALSE,,75d55963d31abb1494aaab157b9d32e690eb5cc87b64f8e6fe4a6d98276439f7
בריזל מעדנים,דוד 2,ירושלים,Jerusalem,,מסעדה/מזון מוכן חלבי,dairy,badatz_eda_haredit,1,eda_haredit_jerusalem_poster,Summer 5786 (2026),LIST_VERIFIED,FALSE,,4cb98f4b2905fa5b732068327c7a884bbf778ed57b585735003a56041075e277
בריזל,מאה שערים 9,ירושלים,Jerusalem,025370038,מסעדה/מזון מוכן חלבי,dairy,badatz_eda_haredit,1,eda_haredit_jerusalem_poster,Summer 5786 (2026),LIST_VERIFIED,FALSE,,1ab4a7194d6b4d0a277c28f187d23d59e02119548f36b248dd316657a80e7084
ברכת משה,מנחם משיב 3,ירושלים,Jerusalem,*2788,מסעדה/מזון מוכן חלבי,dairy,badatz_eda_haredit,1,eda_haredit_jerusalem_poster,Summer 5786 (2026),LIST_VERIFIED,FALSE,,483dbcf9491fdc22800c23a9c6a10d0615b8337ae20c4f01c82c78b16db36316
היימישע בייגל,פרי חדש 18,ירושלים,Jerusalem,025876550,מסעדה/מזון מוכן חלבי,dairy,badatz_eda_haredit,1,eda_haredit_jerusalem_poster,Summer 5786 (2026),LIST_VERIFIED,FALSE,,cd0619764e078c645effdcd75d4fb1db6a0c77a761c2759fffe7c9665fed92ea
מסעדה באלי איטלקי,הרטום 7 הר חוצבים,ירושלים,Jerusalem,025820058,מסעדה/מזון מוכן חלבי,dairy,badatz_eda_haredit,1,eda_haredit_jerusalem_poster,Summer 5786 (2026),LIST_VERIFIED,FALSE,,054bd6ba736f4c19eb243b5fd2d0fd148463984da9c6d079eeebe26fce87f852
נישנוש,חנה 11,ירושלים,Jerusalem,026241915,מסעדה/מזון מוכן חלבי,dairy,badatz_eda_haredit,1,eda_haredit_jerusalem_poster,Summer 5786 (2026),LIST_VERIFIED,FALSE,,1453df42c5e025a484ad83deef0a0b06c994c7121150249b3d5dad91b9242e09
סושי בייגלס,ירמיהו 68,ירושלים,Jerusalem,025443111,מסעדה/מזון מוכן חלבי,dairy,badatz_eda_haredit,1,eda_haredit_jerusalem_poster,Summer 5786 (2026),LIST_VERIFIED,FALSE,,b66d4fd91ac9536cd72d36e0b7ea658cc963c54bc8269517ee7ad0286b3dc09b
פיצה אורי,לבוש מרדכי 2 / בריינדס 3 / כנפי נשרים,ירושלים,Jerusalem,025370119,מסעדה/מזון מוכן חלבי,dairy,badatz_eda_haredit,1,eda_haredit_jerusalem_poster,Summer 5786 (2026),LIST_VERIFIED,FALSE,,488637577dc720c73eaad7b1f37bc062706365fd2dffd8da8e466ab98c8f57f9
פיצה ביתית,חסידי קרלין 12,ירושלים,Jerusalem,,מסעדה/מזון מוכן חלבי,dairy,badatz_eda_haredit,1,eda_haredit_jerusalem_poster,Summer 5786 (2026),LIST_VERIFIED,FALSE,,722eb0319ae715427c0dfab524b8d9ef4842cf6e649f741ea336898405c6cf0d
פיצה ירושלים,מלכי ישראל 43,ירושלים,Jerusalem,025382877,מסעדה/מזון מוכן חלבי,dairy,badatz_eda_haredit,1,eda_haredit_jerusalem_poster,Summer 5786 (2026),LIST_VERIFIED,FALSE,,0a10a666e4d6acbe8c3f2ee1376a4da1370c8fdfdd384793d6122e950089f488
פיצה טראמפ,יעקב מאיר 11,ירושלים,Jerusalem,025385477,מסעדה/מזון מוכן חלבי,dairy,badatz_eda_haredit,1,eda_haredit_jerusalem_poster,Summer 5786 (2026),LIST_VERIFIED,FALSE,,2ff6969cbca2ed9bc77b3cd03897c77d64eb1f63a544d7476bd9376fc2872f0b
פיקנטי,גאון הירדן 43,קרית גת,Kiryat Gat,,אוכל מוכן בשרי,meat,badatz_eda_haredit,1,eda_haredit_south_poster,Summer 5786 (2026),LIST_VERIFIED,FALSE,,88961d283073dd3f770e8410368ed88dd66bf7d2b118060f8731e46ce2989fa8
מאפיית חן הלחם,העבודה 18,אשדוד,Ashdod,,מאפייה,,badatz_eda_haredit,1,eda_haredit_south_poster,Summer 5786 (2026),LIST_VERIFIED,FALSE,,08f2ea079cbfc66aa5f507cd2d9aadbdd31a19b0c038ba1d95c93be03f29da49
מאפיית עיני,הורקנוס 8,אשדוד,Ashdod,088643558,מאפייה,,badatz_eda_haredit,1,eda_haredit_south_poster,Summer 5786 (2026),LIST_VERIFIED,FALSE,,bb2f51a4044e1e1222aac5ac4688da9c8c2dcd988cc63199d28233a64c1b8437
א גרויסע פיצה,"רשב""י 15",אשדוד,Ashdod,,פיצה,dairy,badatz_eda_haredit,1,eda_haredit_south_poster,Summer 5786 (2026),LIST_VERIFIED,FALSE,,4397efef24480a8e07c9c4f84a9756d29e5ec7a806f76f8011b9ac741ee17476
פיצל'ה,גאון הירדן 43,קרית גת,Kiryat Gat,,פיצה,dairy,badatz_eda_haredit,1,eda_haredit_south_poster,Summer 5786 (2026),LIST_VERIFIED,FALSE,,eecfa96d66b35b45c5f79204215cfcc6f8f741f2898a1d7d3c1120cb2573bb5d
פיצה בא כיס,משה בראזני 35,קרית גת,Kiryat Gat,,פיצה,dairy,badatz_eda_haredit,1,eda_haredit_south_poster,Summer 5786 (2026),LIST_VERIFIED,FALSE,,d0d31714ad17391f66be85fb9ed986f2d8730062f52ed1b147030815cc57ce93
פיצה שמש,"רש""י 11",קרית מלאכי,Kiryat Malakhi,,פיצה,dairy,badatz_eda_haredit,1,eda_haredit_south_poster,Summer 5786 (2026),LIST_VERIFIED,FALSE,,e64e8841af1763f5f3ff5fa030b694571cabec7ae5e5dee6ba5e87745430b49a
פיצה שמש,שער הימים 95,רחובות,Rehovot,,פיצה,dairy,badatz_eda_haredit,1,eda_haredit_south_poster,Summer 5786 (2026),LIST_VERIFIED,FALSE,,f41cbdcadf5ef57dcf9e4295cb44caf8f5133dce9ca029946327f7882d6045c6
פיצוחי מזרחי,"האדמו""ר מחב""ד 4",קרית גת,Kiryat Gat,,פיצוחים,,badatz_eda_haredit,1,eda_haredit_south_poster,Summer 5786 (2026),LIST_VERIFIED,FALSE,,9031d33fe9a03c4f43539b334f670aa94706f0b6976c411f7cc1890539d4e961
תוצרת הארץ,יוסף סמילו 16,נתיבות,Netivot,,פיצוחים,,badatz_eda_haredit,1,eda_haredit_south_poster,Summer 5786 (2026),LIST_VERIFIED,FALSE,,9abbe251063bed6b85abe25be8fd24268d693bcbe5a80605c2b52ce1a29d1af2
קלוי,מיכאל 2,חיפה,Haifa,,פיצוחים,,badatz_eda_haredit,1,eda_haredit_north_pdf,Summer 5786 (2026),LIST_VERIFIED,FALSE,,8dde23f30994f92c31a99c71c14fb6eb925f68ee0b813b70b1ff8417a6b52721
קלוי,כלניות 39,רכסים,Rekhasim,,פיצוחים,,badatz_eda_haredit,1,eda_haredit_north_pdf,Summer 5786 (2026),LIST_VERIFIED,FALSE,,52c79bf5f3146b62eb2cfa91573c82d15a253d70e25c87823bf15b394ccd9dcd
שזיפרון,א.ת. דלתון,דלתון,Dalton,,פיצוחים,,badatz_eda_haredit,1,eda_haredit_north_pdf,Summer 5786 (2026),LIST_VERIFIED,FALSE,,eebec20be884450b73be31c03e99e3dce6d0fecf63e8190bf9ac533702e408a1
פיצוחי א. מזרחי,המשור 55 בנין קורונדו,טבריה,Tiberias,,פיצוחים,,badatz_eda_haredit,1,eda_haredit_north_pdf,Summer 5786 (2026),LIST_VERIFIED,FALSE,,a4cb1e22d6d7c091a8d61ad23eb199cbebb7204eac9319cf40418bfd2d80073e
מיני סופר,צומת מירון,מירון,Meron,,פיצוחים,,badatz_eda_haredit,1,eda_haredit_north_pdf,Summer 5786 (2026),UNKNOWN_PENDING_VERIFICATION,TRUE,generic name,53dba2f00c7767515a85e5901c9bd7809e582a9c737c94616a8264458ab53370
קליית בראשית,העליה 8 ב',צפת,Safed,,פיצוחים,,badatz_eda_haredit,1,eda_haredit_north_pdf,Summer 5786 (2026),LIST_VERIFIED,FALSE,,e5f9a6b68f797e2ade61b4f2fe8fea0a09e4305a6c13a4f651f35af1a962fd67
מנדי'ס,ירושלים 35,צפת,Safed,0774108002,מסעדה/אוכל מוכן בשרי,meat,badatz_eda_haredit,1,eda_haredit_north_pdf,Summer 5786 (2026),LIST_VERIFIED,FALSE,also 052-7609099,0737438287c040d98aec472af37ddc3abb66581edf133fa77cc7258774109642
באשערט (מבית מנדיס),ירושלים 35,צפת,Safed,0774108002,מסעדה בשרית,meat,badatz_eda_haredit,1,eda_haredit_north_pdf,Summer 5786 (2026),LIST_VERIFIED,FALSE,,321741ef2d049774f30a4193184d5a463d9977dc84604e7930f0fc8463fb71a9
אוכל מהיר,"תרפ""ט 18",צפת,Safed,,אוכל מוכן בשרי,meat,badatz_eda_haredit,1,eda_haredit_north_pdf,Summer 5786 (2026),UNKNOWN_PENDING_VERIFICATION,TRUE,city inferred,6bf962b082f4443cab5a50759a2bb204371b3aa711af1dfbec20159973b5ff57
השטעטל,מרכז מסחרי רסקו,צפת,Safed,048341950,מסעדה/אוכל מוכן בשרי,meat,badatz_eda_haredit,1,eda_haredit_north_pdf,Summer 5786 (2026),LIST_VERIFIED,FALSE,,057d240d65d8205222a84f33f0722c06da4f432637497bdefe9d84b8ee56c3d3
זאפטיג,מושב מירון,מירון,Meron,048113404,מסעדה/אוכל מוכן בשרי,meat,badatz_eda_haredit,1,eda_haredit_north_pdf,Summer 5786 (2026),LIST_VERIFIED,FALSE,,5e514c44607e76af4a31a526dc5882c98a937141b2c02b5638cf1ed48430377a
טועמיה - סירוטה,ברץ 3,טבריה,Tiberias,0504139568,אוכל מוכן בשרי,meat,badatz_eda_haredit,1,eda_haredit_north_pdf,Summer 5786 (2026),UNKNOWN_PENDING_VERIFICATION,TRUE,city inferred,b6faaad18084fd8fcd5cfab6b949ab82c017094a005362369f57eb1fa52657bb
פערל'ס פלאם,ברץ 3,טבריה,Tiberias,046733555,מסעדה בשרית,meat,badatz_eda_haredit,1,eda_haredit_north_pdf,Summer 5786 (2026),UNKNOWN_PENDING_VERIFICATION,TRUE,city inferred,87853b53322e876d4991adf894556fcae8d6a691e7bed4bafa8055c3364f51f0
הטשלוניה,הנגב 27,חיפה,Haifa,043130770,אוכל מוכן בשרי,meat,badatz_eda_haredit,1,eda_haredit_north_pdf,Summer 5786 (2026),UNKNOWN_PENDING_VERIFICATION,TRUE,city inferred,f80ddea9dde8b793a45935fca2b83a8994c17c66e37a5520d7e6b9c17065173f
ניחוחות,חרמון 31,חיפה,Haifa,,אוכל מוכן בשרי,meat,badatz_eda_haredit,1,eda_haredit_north_pdf,Summer 5786 (2026),UNKNOWN_PENDING_VERIFICATION,TRUE,city inferred,b5bd21b090a1cae438ebac548fdc8da012335120d9dc8cbcb47c48e8560e1c88
הקוגל של הצפון,,חיפה,Haifa,,קוגל,,badatz_eda_haredit,1,eda_haredit_north_pdf,Summer 5786 (2026),UNKNOWN_PENDING_VERIFICATION,TRUE,"city inferred, no address",e8711c123b12a96442997944480d24082093edfe30520af0b9809ab3b2648967
כמיסה,א.ת. דלתון,דלתון,Dalton,046002655,מסעדה/אוכל מוכן בשרי,meat,badatz_eda_haredit,1,eda_haredit_north_pdf,Summer 5786 (2026),LIST_VERIFIED,FALSE,,07f64903d93601ab945673a3e82cbeb31455f8c34843f353ed0a40b8ac9d9f29
ביכורים,,,,025703896,אוכל מוכן,,badatz_eda_haredit,1,eda_haredit_north_pdf,Summer 5786 (2026),UNKNOWN_PENDING_VERIFICATION,TRUE,city not resolvable from poster,11ac1d6b34cbd20417df202b175cdf82d9a754a73ad677053599e827049ef159
סטאריק'ס קוגל,"האדמו""ר מבעלז",נוף הגליל,Nof HaGalil,0533142359,קוגל,,badatz_eda_haredit,1,eda_haredit_north_pdf,Summer 5786 (2026),LIST_VERIFIED,FALSE,Har Yona,49b1b85493595760366206644ca1a35b156012e0e383ef12d9ea19e09571b664
לשובע,"האדמו""ר מבעלזא 12",נוף הגליל,Nof HaGalil,,אוכל מוכן / מזנון,,badatz_eda_haredit,1,eda_haredit_north_pdf,Summer 5786 (2026),LIST_VERIFIED,FALSE,Har Yona,3ed73c42b5d43058c8257d21c85a4387f56e973b68a4d5d5fc11af483b63fb75
היימשיער טעם,,נוף הגליל,Nof HaGalil,0533182972,אוכל מוכן,,badatz_eda_haredit,1,eda_haredit_north_pdf,Summer 5786 (2026),UNKNOWN_PENDING_VERIFICATION,TRUE,city inferred,d2ff299f2d38f4ad604365f27a1a30c1d646ec7bce0ee5fcd30dda4e60bdbbb3
פוטאש,,נוף הגליל,Nof HaGalil,0585005522,אוכל מוכן,,badatz_eda_haredit,1,eda_haredit_north_pdf,Summer 5786 (2026),UNKNOWN_PENDING_VERIFICATION,TRUE,city inferred,15bbcc4b63fedcd7ebc040a80168746588e65d5128dcc08125195975f9580312
מטבח בית עין לעלוב,,נוף הגליל,Nof HaGalil,043722320,אוכל מוכן,,badatz_eda_haredit,1,eda_haredit_north_pdf,Summer 5786 (2026),UNKNOWN_PENDING_VERIFICATION,TRUE,city inferred,d1bd0eb94d111fd45718cd1c18b88caeb15895ff6d9273c3a200f6ea459e95ce
הינדיג,דרך השוקולד 1,נוף הגליל,Nof HaGalil,046766148,אוכל מוכן בשרי,meat,badatz_eda_haredit,1,eda_haredit_north_pdf,Summer 5786 (2026),UNKNOWN_PENDING_VERIFICATION,TRUE,city inferred,5f5e14ea6e5acc9eeb31bee33b9fe006f362cedd5941acf344e82c47ddc3fa6d
הקוגל האמיתי - קוגל אטריות,,נוף הגליל,Nof HaGalil,0548419876,קוגל,,badatz_eda_haredit,1,eda_haredit_north_pdf,Summer 5786 (2026),UNKNOWN_PENDING_VERIFICATION,TRUE,city inferred,a0a3e04dd52951f87873552a847c7f625ec7a47cd6d13d76c91fd0a07b0dc925
שרולי'ס מטעמים - קוגל,,,,0583237049,קוגל,,badatz_eda_haredit,1,eda_haredit_north_pdf,Summer 5786 (2026),UNKNOWN_PENDING_VERIFICATION,TRUE,city not resolvable from poster,635f09e11447d3b6df6e325d823e1bede90ede90c77e18d52b4f03cd9e903143
אריאל,ירושלים 83,צפת,Safed,0528597515,מאפייה,,badatz_eda_haredit,1,eda_haredit_north_pdf,Summer 5786 (2026),LIST_VERIFIED,FALSE,,09fd3f7a6dc4310fb4dbc7f6502f27998112113655e6e99ab2b393aedaa6fc15
חטיפי תימן,מרדכי חדד 1,צפת,Safed,0529640400,מאפייה/חטיפים,,badatz_eda_haredit,1,eda_haredit_north_pdf,Summer 5786 (2026),UNKNOWN_PENDING_VERIFICATION,TRUE,city inferred,1b40967136c921748c2a44410c9c80236924913bfeae2f147ef700ff0027ed8c
חצקל'ס,ויצמן 6,טבריה,Tiberias,0533130401,מאפייה,,badatz_eda_haredit,1,eda_haredit_north_pdf,Summer 5786 (2026),UNKNOWN_PENDING_VERIFICATION,TRUE,city inferred,524ab77498961ef8dfe378f01edc4976aa1a7bbb1bab0d127c0ec4e2f930d82a
צפת בייקרי,א.ת. צפת,צפת,Safed,046060839,מאפייה,,badatz_eda_haredit,1,eda_haredit_north_pdf,Summer 5786 (2026),LIST_VERIFIED,FALSE,,ac5032ef312db197ff9616433833e5e9fc2a44a5bcca9e9de5a4e948b390bb38
מאפה בעתיקה,ירושלים 17,צפת,Safed,046920184,מאפייה,,badatz_eda_haredit,1,eda_haredit_north_pdf,Summer 5786 (2026),LIST_VERIFIED,FALSE,,024003df1d517baba5c7cb5f0369f0a300425d695d740749e6981de81a14d777
מולינו - לרגישי גלוטן,ק. מאור חיים,צפת,Safed,043132028,מאפייה,,badatz_eda_haredit,1,eda_haredit_north_pdf,Summer 5786 (2026),LIST_VERIFIED,FALSE,gluten-sensitive,1770bc5929385598f27c12a3ce1a202f262368b49fa6d2097f5a7ea2d17989e1
אנג'ל,ירושלים 81,צפת,Safed,046974071,מאפייה,,badatz_eda_haredit,1,eda_haredit_north_pdf,Summer 5786 (2026),UNKNOWN_PENDING_VERIFICATION,TRUE,city inferred,538ff08182f0d90151811c93fe1186b20116994e79551123af6ef6d6957d539d
חלב חיטים,צומת מירון,מירון,Meron,046333296,מאפייה,,badatz_eda_haredit,1,eda_haredit_north_pdf,Summer 5786 (2026),LIST_VERIFIED,FALSE,,983a9843cdf67c351ead857a57c93291f1920e4a425f9bcb452ed8412c02c0f4
המאפיה של יוסי,שיכון ד',טבריה,Tiberias,,מאפייה,,badatz_eda_haredit,1,eda_haredit_north_pdf,Summer 5786 (2026),UNKNOWN_PENDING_VERIFICATION,TRUE,city inferred,fc0bdb4b2dcaf14803da1f580d91fc9fb3a125d2cd8164dc3072695f01853cbf
אור חיים,לב האגם 3,טבריה,Tiberias,046731277,מאפייה,,badatz_eda_haredit,1,eda_haredit_north_pdf,Summer 5786 (2026),UNKNOWN_PENDING_VERIFICATION,TRUE,city inferred,5ac348860af29053a303c6fac114ad8bbce0e54ef845100d6f35d177e401bec9
אריאל,סירקין 36,חיפה,Haifa,,מאפייה,,badatz_eda_haredit,1,eda_haredit_north_pdf,Summer 5786 (2026),UNKNOWN_PENDING_VERIFICATION,TRUE,multi-branch line,1cfc044ec3cb97205343b3687ddc23f2b67146eb58d956300a3a035783fea2e6
אריאל,חניתה 26,חיפה,Haifa,,מאפייה,,badatz_eda_haredit,1,eda_haredit_north_pdf,Summer 5786 (2026),UNKNOWN_PENDING_VERIFICATION,TRUE,multi-branch line,416bf1f4aa634553f0c2c702ed2e51d9a19b83ff7d2b693f358d3889462adffd
ארץ חמדה טובה,"האדמו""ר מבעלזא 4",נוף הגליל,Nof HaGalil,048867076,מאפייה,,badatz_eda_haredit,1,eda_haredit_north_pdf,Summer 5786 (2026),UNKNOWN_PENDING_VERIFICATION,TRUE,city inferred,92fb7a49a11592499bd226732e87d5b6e205a7c3e7d3abb0dec75470051feedf
אריאל,משה שרת 2,קרית ים,Kiryat Yam,,מאפייה,,badatz_eda_haredit,1,eda_haredit_north_pdf,Summer 5786 (2026),LIST_VERIFIED,FALSE,,10133387285f7b5a269079fcf02a658959158984217e236454287455b54e2a12
אריאל,שד' בן גוריון 82,קרית מוצקין,Kiryat Motzkin,,מאפייה,,badatz_eda_haredit,1,eda_haredit_north_pdf,Summer 5786 (2026),LIST_VERIFIED,FALSE,,17d423c9d9d0747316646a1f094de8399f8e68dec0aaa2e72547845350b23df2
ברכת משה,שד' ירושלים 29,קרית ים,Kiryat Yam,,מאפייה,,badatz_eda_haredit,1,eda_haredit_north_pdf,Summer 5786 (2026),LIST_VERIFIED,FALSE,,fd114b00e25ebde539face2d89b0a9d2b12608ef271d704033bbd2df4c760cfa
ברכת משה,העצמאות 35,קרית אתא,Kiryat Ata,,מאפייה,,badatz_eda_haredit,1,eda_haredit_north_pdf,Summer 5786 (2026),LIST_VERIFIED,FALSE,,99e3d699498145402bb60aa03268b4d7d9b5ddca15b048f726a39f9cee9019b5
ברכת משה,הנשיא ויצמן 17,קריות,Krayot,,מאפייה,,badatz_eda_haredit,1,eda_haredit_north_pdf,Summer 5786 (2026),UNKNOWN_PENDING_VERIFICATION,TRUE,exact city unresolved,35ea7011dbd5bb63c54c6b035634a8fdd5d6bf046d1ff7982584c0eac0cc8205
ברכת משה,שדרות טרומפלדור 1,נשר,Nesher,,מאפייה,,badatz_eda_haredit,1,eda_haredit_north_pdf,Summer 5786 (2026),LIST_VERIFIED,FALSE,,d388643b9a886d95839ba7c86f8b536b5df1ecf79e263ba25c24bbd05737205a
אריאל,שאול עמור 77,מגדל העמק,Migdal HaEmek,,מאפייה,,badatz_eda_haredit,1,eda_haredit_north_pdf,Summer 5786 (2026),LIST_VERIFIED,FALSE,,5caee4f6ff3231a4242d7ae18f5c72f99107934f24aa1c11c635ec9ef95d21b2
אריאל,מרכז רסקו,עפולה,Afula,,מאפייה,,badatz_eda_haredit,1,eda_haredit_north_pdf,Summer 5786 (2026),UNKNOWN_PENDING_VERIFICATION,TRUE,city inferred,c8241e73953c32b6bcde08d2b319a048564fc095b9cc301d284a92704aa8c4fe
בייקרי,גורליץ 9,נתניה,Netanya,0533106353,מאפייה,,badatz_eda_haredit,1,eda_haredit_north_pdf,Summer 5786 (2026),LIST_VERIFIED,FALSE,,163903c248efe70073b6632743f5688b1ee651c7fc87f21e6a94aad189dce50f
היימישע חלות (בהזמנה מראש),,נתניה,Netanya,0545244999,מאפייה,,badatz_eda_haredit,1,eda_haredit_north_pdf,Summer 5786 (2026),LIST_VERIFIED,FALSE,,056fd3152cbc96250bc64121eb33ab526c6a9cc91190ff05a0e1d15999573576
ברכת משה,בן 16,נתניה,Netanya,,מאפייה,,badatz_eda_haredit,1,eda_haredit_north_pdf,Summer 5786 (2026),UNKNOWN_PENDING_VERIFICATION,TRUE,address partial in OCR,00babdb129928fb3760f2c253369092c94836b2efa036121a8ac98bd93cbce83
ברכת משה,האירוסים 2,יוקנעם,Yokneam,,מאפייה,,badatz_eda_haredit,1,eda_haredit_north_pdf,Summer 5786 (2026),LIST_VERIFIED,FALSE,,9667d79f08fe61c556da8293c9f38ec7af02e30dc01d866dd47bc527fd048ab2
פיצה שמש,דרך ארץ 11,חריש,Harish,,פיצה,dairy,badatz_eda_haredit,1,eda_haredit_north_pdf,Summer 5786 (2026),LIST_VERIFIED,FALSE,,6ef764e90ea48f911a2e20b21ee4c2aa10cc970736cb75d5963a9d78706f0b0f
פיצה פלוס,בר כוכבא 7,עפולה,Afula,0534123250,פיצה,dairy,badatz_eda_haredit,1,eda_haredit_north_pdf,Summer 5786 (2026),LIST_VERIFIED,FALSE,,2572597e118dbd2a8215e8af68cc3b25ce03f67088ab108c0c57fb9a9a136fb3
פיצה שמש,גאולה 31,עפולה,Afula,046116565,פיצה,dairy,badatz_eda_haredit,1,eda_haredit_north_pdf,Summer 5786 (2026),UNKNOWN_PENDING_VERIFICATION,TRUE,city inferred,f5a78e677d519cecf53924f459a59df0f35d82a84adab0186dc5a75e0504eb80
אקסטרא פיצה,אלחדיף 5,טבריה,Tiberias,046726071,פיצה,dairy,badatz_eda_haredit,1,eda_haredit_north_pdf,Summer 5786 (2026),LIST_VERIFIED,FALSE,,d872401c769aacfe4d9fd2b8995ed0538811afd75ce28df30ebdf63ed36e3f28
פיצה ברכת יוסף,יצחק בן צבי 28,טבריה,Tiberias,048114046,פיצה,dairy,badatz_eda_haredit,1,eda_haredit_north_pdf,Summer 5786 (2026),LIST_VERIFIED,FALSE,,1bd9663d9de26a0e1eb92cfa37b6414dfc9c9888c929579dcb06a0d4ad953719
פיצה שמש דלישס,העצמאות 2,טבריה,Tiberias,046722300,פיצה,dairy,badatz_eda_haredit,1,eda_haredit_north_pdf,Summer 5786 (2026),LIST_VERIFIED,FALSE,,b02366e0f75afb177d3aaf91109fb8c15c872d79de92f0c70cc552d1c07b4d29
פיצה בארכה - פיצה פלאפל,אבוחצירה 1,טבריה,Tiberias,046733142,פיצה,dairy,badatz_eda_haredit,1,eda_haredit_north_pdf,Summer 5786 (2026),LIST_VERIFIED,FALSE,,10e137bfdb8fbf0107de72d3ecd7d3110ed5ef2758fa588e5e843b0a31ccf234
פלאפל אקסטרא,אהל יעקב 3,טבריה,Tiberias,046995090,פלאפל,,badatz_eda_haredit,1,eda_haredit_north_pdf,Summer 5786 (2026),LIST_VERIFIED,FALSE,,efba107cbb3fc3c5a6ce6ced428374f3b53d959ee22ad731016b01fb150894b7
טעם הצפון,ירושלים 22,צפת,Safed,,מזנון חלבי,dairy,badatz_eda_haredit,1,eda_haredit_north_pdf,Summer 5786 (2026),UNKNOWN_PENDING_VERIFICATION,TRUE,city inferred,7f4ece99ae9b74cb583b5ad599682079f5ead27751226afd4f7c6a979af71ef7
פיצה פרקטו,קפלן 8,נתניה,Netanya,,פיצה,dairy,badatz_eda_haredit,1,eda_haredit_north_pdf,Summer 5786 (2026),LIST_VERIFIED,FALSE,,5f21fdb386bdecde2bb69436347db93ee5ab02586453d955ae4800b9fb7ea7db
פיצה שמש,משה שרת 3,נתניה,Netanya,,פיצה,dairy,badatz_eda_haredit,1,eda_haredit_north_pdf,Summer 5786 (2026),LIST_VERIFIED,FALSE,,b714544d644c7e091023c8f3f2873545cb1a7bc680806790cf0d9dfce31fe47a
פינה לק,"האדמו""ר מבעלזא 6",נוף הגליל,Nof HaGalil,046731277,מזנון חלבי,dairy,badatz_eda_haredit,1,eda_haredit_north_pdf,Summer 5786 (2026),UNKNOWN_PENDING_VERIFICATION,TRUE,phone likely misaligned,69db702d17f52314ea9ba686ba6d0450c77c24e900d8db09611b44017f2cfc29
חנות המקווה,מרן 26,נוף הגליל,Nof HaGalil,,מזנון,,badatz_eda_haredit,1,eda_haredit_north_pdf,Summer 5786 (2026),UNKNOWN_PENDING_VERIFICATION,TRUE,city inferred,1698d33dc3467777a5e1251999d372277c0d8fed7df13cc603faa04ce1fb819a
קפיטריה שגיא,אור החיים 8,קרית שמואל,Kiryat Shmuel,,מזנון חלבי,dairy,badatz_eda_haredit,1,eda_haredit_north_pdf,Summer 5786 (2026),UNKNOWN_PENDING_VERIFICATION,TRUE,city inferred,b3c84804b0c7a7d1a9e9905b18120f8b6fc5fe6c46e40cd0c59a09001f56b463
פיצה שמש,הרצל 51 / פנחס לבון 39,חיפה,Haifa,,פיצה,dairy,badatz_eda_haredit,1,eda_haredit_north_pdf,Summer 5786 (2026),LIST_VERIFIED,FALSE,,d260f4e52b78c352b8a63943c9db04c911dc60bbe97c311a5ec2c6c9a5c0944c
אקסטרא פיצה,ירושלים 114,צפת,Safed,046922269,פיצה,dairy,badatz_eda_haredit,1,eda_haredit_north_pdf,Summer 5786 (2026),LIST_VERIFIED,FALSE,,af03763454c860fb0a52957ea02d0eddbb74c5467fe2a8466e1b9225b29fa88a
פיצה שמש דלישס,ירושלים 81,צפת,Safed,046063131,פיצה,dairy,badatz_eda_haredit,1,eda_haredit_north_pdf,Summer 5786 (2026),LIST_VERIFIED,FALSE,,62d94079297af2e59635dac5ee039c1514e0e855b76dd5643621d409084f884f
פיצה צפת,ירושלים 39,צפת,Safed,1700505099,פיצה,dairy,badatz_eda_haredit,1,eda_haredit_north_pdf,Summer 5786 (2026),LIST_VERIFIED,FALSE,,3157ba986150e4e2f3bdbff6a83355e762367e67ce614c413115f6846d8626b1
פיצה סמייל-לק,השבעה 202,צפת,Safed,046822224,פיצה,dairy,badatz_eda_haredit,1,eda_haredit_north_pdf,Summer 5786 (2026),UNKNOWN_PENDING_VERIFICATION,TRUE,city inferred,501f1a5c0a820ff6118ecedca0218dc157eb44d1da4e7f45de7aa80569013ee5
צפת בייקרי,"צה""ל 2 מאור חיים",צפת,Safed,046060893,מאפייה,,badatz_eda_haredit,1,eda_haredit_north_pdf,Summer 5786 (2026),LIST_VERIFIED,FALSE,,3640795bcd684c7193d12c36ac4493afea546421c21dd56b187bc7d9b29e834e
מנדיס בייגל'ס,ירושלים 29,צפת,Safed,0732777768,מזנון חלבי,dairy,badatz_eda_haredit,1,eda_haredit_north_pdf,Summer 5786 (2026),LIST_VERIFIED,FALSE,,557fc1e43b938723b6da5b350c016b8b39396488c08b78ee2d04b219b7ced338
המאפים של גיטי,ירושלים 35,צפת,Safed,,מאפייה,,badatz_eda_haredit,1,eda_haredit_north_pdf,Summer 5786 (2026),LIST_VERIFIED,FALSE,,5015d5d208cacd91f7789b1e05cf81cb0931945b99813ca1e28e73a760f3f993
פלאפל נועם,ירושלים 26,צפת,Safed,0502888738,פלאפל,,badatz_eda_haredit,1,eda_haredit_north_pdf,Summer 5786 (2026),LIST_VERIFIED,FALSE,,dcba608ebbe1187265bf2a9ca229b6e77334d2b114c25652c94a591dc1b964ad
פיצה הר מירון,צומת מירון,מירון,Meron,,פיצה,dairy,badatz_eda_haredit,1,eda_haredit_north_pdf,Summer 5786 (2026),LIST_VERIFIED,FALSE,,2a251d5c44cf76246d07246852e3de34cc04f36e0962c95780825bb62eba9e15
פיצה Slice,,צפת,Safed,046522086,פיצה,dairy,badatz_eda_haredit,1,eda_haredit_north_pdf,Summer 5786 (2026),UNKNOWN_PENDING_VERIFICATION,TRUE,"city inferred, no address",09e409f6e8ede487ce9c99f61fe4bdb727202235b5aa60bc2cc843afb0aa0891
ג'פאן ג'פאן,"יהדות דרום אפריקה 2, אופקים",אופקים,Ofakim,03304*,בשרי,meat,beit_yosef,1,misadot_mehadrin_restaurants_csv,Tishrei 5787 (Sep 2026),LIST_VERIFIED,FALSE,,b2f421434932a1b78984162e38a8ce549a2103bcbc33bf0807f070a8a6fbfc4e
טורו סושי,"יצחק רבין 5, אור יהודה",אור יהודה,Or Yehuda,086405555,בשרי,meat,beit_yosef,1,misadot_mehadrin_restaurants_csv,Tishrei 5787 (Sep 2026),LIST_VERIFIED,FALSE,,7f30d938cafb8e86669021590eca851fdbcf49df01bfa2a5cd4c030072c5e8e2
טורקיש גריל,עבודה 2 אור יהודה,אור יהודה,Or Yehuda,0536354094,בשרי,meat,beit_yosef,1,misadot_mehadrin_restaurants_csv,Tishrei 5787 (Sep 2026),LIST_VERIFIED,FALSE,,27541abcaca7867b50796b67ab7ad4985797ba3858bcd778afe4be182bfd621a
פארוק,"שדרות מרדכי בן פורת 70, אור יהודה",אור יהודה,Or Yehuda,035330159,בשרי,meat,beit_yosef,1,misadot_mehadrin_restaurants_csv,Tishrei 5787 (Sep 2026),LIST_VERIFIED,FALSE,,b22d16375d8c5de8be2947033f1475e872853aa03efb8c771ff849d4498f27d6
פינת הצלע,"השקמה 2, אזור",אזור,Azor,036540363,בשרי,meat,beit_yosef,1,misadot_mehadrin_restaurants_csv,Tishrei 5787 (Sep 2026),LIST_VERIFIED,FALSE,,9b0573976adb5abe70c139131781b31207d8baa1cbe25868c124838463b29310
בורגרס בר - מרכז ביג,"הסתת 20, מרכז ביג, אילת",אילת,Eilat,02242*,בשרי,meat,beit_yosef,1,misadot_mehadrin_restaurants_csv,Tishrei 5787 (Sep 2026),LIST_VERIFIED,FALSE,,a83dba4a321db405922f8aecb8efd7ca595c5409a43902fd56e5b549a343305d
בורגרס בר - פנינת אילת,"דרבן 4, מרכז פנינה אילת",אילת,Eilat,02242*,בשרי,meat,rav_machpud,1,misadot_mehadrin_restaurants_csv,Tishrei 5787 (Sep 2026),LIST_VERIFIED,FALSE,,0bd0669a8ed60e577cee7861c987d66d9413736390be151a17b584bc4cc02a36
שיפודי ציפורה,"קאמן 10, אילת",אילת,Eilat,086378228,בשרי,meat,beit_yosef,1,misadot_mehadrin_restaurants_csv,Tishrei 5787 (Sep 2026),LIST_VERIFIED,FALSE,,c8bc9afc8c930b2b8531fbacb401b8018336b3bb22a661a3bde16bc427c1884f
בורגרס בר,הגדוד העברי 5 גן העיר אשדוד,אשדוד,Ashdod,02242*,בשרי,meat,beit_yosef,1,misadot_mehadrin_restaurants_csv,Tishrei 5787 (Sep 2026),LIST_VERIFIED,FALSE,,afc90e61fc415644c68b97341734e1ad21df26244e09af7e4b723758946728b3
ויצמן,"הבנאים 9, אשדוד",אשדוד,Ashdod,088522593,בשרי,meat,rav_machpud,1,misadot_mehadrin_restaurants_csv,Tishrei 5787 (Sep 2026),LIST_VERIFIED,FALSE,,b48180c13f64729fadaeb0c60536347a5281a9a6b78fbcd3eb7af3f40802683d
רוזה,"ז'בוטינסקי 45, אשדוד",אשדוד,Ashdod,086181717,בשרי,meat,beit_yosef,1,misadot_mehadrin_restaurants_csv,Tishrei 5787 (Sep 2026),LIST_VERIFIED,FALSE,,76a1b36036a6f6c92504eca101d0f92fd8682c2273bd5af3a748d83a5445b704
באבו,"אורט 29, אשקלון",אשקלון,Ashkelon,0775070010,בשרי,meat,beit_yosef,1,misadot_mehadrin_restaurants_csv,Tishrei 5787 (Sep 2026),LIST_VERIFIED,FALSE,,ac59249c263044b69f31ae652efcb2f04fe0ec1392560496690b31b8eaa5858c
ג'פאן ג'פאן,"הנמל 9, מרינה אשקלון",אשקלון,Ashkelon,03304*,בשרי,meat,beit_yosef,1,misadot_mehadrin_restaurants_csv,Tishrei 5787 (Sep 2026),LIST_VERIFIED,FALSE,,eadfce567169922bc33f809ed1c86a8e298b9e2483596a4b8b9ba0b6c0fe03c2
הגחלים,"הגבורה 1, אשקלון",אשקלון,Ashkelon,086710230,בשרי,meat,badatz_hadar_hakashrut_barda,1,misadot_mehadrin_restaurants_csv,Tishrei 5787 (Sep 2026),LIST_VERIFIED,FALSE,,4ea00b919d27e5edbbb308a505d0e28596aee8d8cc50e995877f349c266975ef
ג'פאן ג'פאן,"ראובן רובין 5 מתחם הבלוק, באר שבע",באר שבע,Be'er Sheva,03304*,בשרי,meat,beit_yosef,1,misadot_mehadrin_restaurants_csv,Tishrei 5787 (Sep 2026),LIST_VERIFIED,FALSE,,93a808aec29686168cf242e9bdeb6469291b23f1145f1c4b8203f8499bb9894c
אלמה,"דרך יצחק רבין 19, בית שמש",בית שמש,Beit Shemesh,025449986,בשרי,meat,rav_machpud,1,misadot_mehadrin_restaurants_csv,Tishrei 5787 (Sep 2026),LIST_VERIFIED,FALSE,,433706296975eba0470a6cf7fcb55a9e75522d697c8c4383449befa4cfd1c48d
ג'פאן ג'פאן,"יגאל אלון 3, קניון ביג פאשן, בית שמש",בית שמש,Beit Shemesh,03304*,בשרי,meat,beit_yosef,1,misadot_mehadrin_restaurants_csv,Tishrei 5787 (Sep 2026),LIST_VERIFIED,FALSE,,d1e55df732906175692d4503dc086be3460e9eceb8ab75260943124a970b509d
מסובין,"יגאל אלון 2 , מתחם פז בכניסה לבית שמש",בית שמש,Beit Shemesh,029911778,בשרי,meat,rav_landa_variant_unverified,1,misadot_mehadrin_restaurants_csv,Tishrei 5787 (Sep 2026),UNKNOWN_PENDING_VERIFICATION,TRUE,certifier identity unresolved ('הרב לנדא') — see data-review-todo.md item 2,b628fd5965ca3e9035575e852103c26520a9660519758ca86b56dcbc557104c7
אגאדיר,"מצדה 7, בסר 4, בני ברק",בני ברק,Bnei Brak,05690*,בשרי,meat,rav_machpud,1,misadot_mehadrin_restaurants_csv,Tishrei 5787 (Sep 2026),LIST_VERIFIED,FALSE,,05cd415cd92cd4676bb745a2f4d92774cd02ed5e57a24bee69748429432239b5
בסרייה,מצדה 12 בני ברק,בני ברק,Bnei Brak,036035586,בשרי,meat,rav_landa_variant_unverified,1,misadot_mehadrin_restaurants_csv,Tishrei 5787 (Sep 2026),UNKNOWN_PENDING_VERIFICATION,TRUE,certifier identity unresolved ('הרב לנדא') — see data-review-todo.md item 2,3b7a1a1f6a271019825727fddb294996eeadefe8a66e719fc97005fce118abb3
בציר,"מצדה 9, ב, בני ברק,",בני ברק,Bnei Brak,0533266463,בשרי,meat,kehilot_unidentified,1,misadot_mehadrin_restaurants_csv,Tishrei 5787 (Sep 2026),UNKNOWN_PENDING_VERIFICATION,TRUE,certifier identity unresolved ('קהילות') — see data-review-todo.md item 2,bd848a4bae059f527ccfd7f1995f18f270aee8ad9f43428c40cdb500c81aece2
נגיסה,בן גוריון 13 בני ברק/רמת גן,בני ברק,Bnei Brak,0777000333,בשרי,meat,beit_yosef,1,misadot_mehadrin_restaurants_csv,Tishrei 5787 (Sep 2026),LIST_VERIFIED,FALSE,,905fc73378c3fa2d3018a76906507c8ac94324c2ad94733662265c5549f26a36
ג'פאו ג'פאן,"רח' מוטה גור 14, מתחם עמי בוטיק, גבעת שמואל",גבעת שמואל,Givat Shmuel,03304*,בשרי,meat,beit_yosef,1,misadot_mehadrin_restaurants_csv,Tishrei 5787 (Sep 2026),LIST_VERIFIED,FALSE,,40af98d1a3a610d291a38a5368f7bc16470db4a10eeb12d0e5e19d934d3b7ccb
מטבל,"יוני נתניהו 31, גבעת שמואל",גבעת שמואל,Givat Shmuel,0737578918,בשרי,meat,rav_machpud,1,misadot_mehadrin_restaurants_csv,Tishrei 5787 (Sep 2026),LIST_VERIFIED,FALSE,,c36bdeb026621131b2bfcef87914786e86a8d6fc2ffc93112be7879a9201a01b
לחם בשר,"השונית 2, מרינה, הרצליה פיתוח",הרצליה,Herzliya,0772307592,בשרי,meat,rav_machpud,1,misadot_mehadrin_restaurants_csv,Tishrei 5787 (Sep 2026),LIST_VERIFIED,FALSE,,32880bccf2b26c4a1e64f0bd933d4e9474e0a71fcda9459e82de2c1c81f80bb1
פאפגיו,"השונית 2, הרצליה",הרצליה,Herzliya,099564000,בשרי,meat,rav_refael_manat,1,misadot_mehadrin_restaurants_csv,Tishrei 5787 (Sep 2026),LIST_VERIFIED,FALSE,,1facdef2c0222740945328f42b58c8e83870e9365b5d8883a60be94e5b5fff17
רובן,"הגליל 100, נווה שאנן, חיפה",חיפה,Haifa,046665265,בשרי,meat,rav_machpud,1,misadot_mehadrin_restaurants_csv,Tishrei 5787 (Sep 2026),LIST_VERIFIED,FALSE,,42ef58281e94b4dfc43ea2877e418fd3348b75e4fad3516e2ae33a22dc24195a
ג'פאן ג'פאן,"יהודה הלוי 1, מתחם ביג, טבריה",טבריה,Tiberias,03304*,בשרי,meat,beit_yosef,1,misadot_mehadrin_restaurants_csv,Tishrei 5787 (Sep 2026),LIST_VERIFIED,FALSE,,c6751ae39a3fc27ac6798ae2f893beb560d12ae67ea1ea123c33c98fe928d3a4
סול,הבנים 17 טבריה,טבריה,Tiberias,046773444,בשרי,meat,rav_landa_variant_unverified,1,misadot_mehadrin_restaurants_csv,Tishrei 5787 (Sep 2026),UNKNOWN_PENDING_VERIFICATION,TRUE,certifier identity unresolved ('הרב לנדאו') — see data-review-todo.md item 2,6817eba694ddccc0adb6d926336465a0ba32c8a9e0ca25e9f1a5497452a8743d
אלישע,"הרטום 7, ירושלים",ירושלים,Jerusalem,025820058,בשרי,meat,rav_machpud,1,misadot_mehadrin_restaurants_csv,Tishrei 5787 (Sep 2026),LIST_VERIFIED,FALSE,,f008204b38ad6e5531c6590e4a02ac2515bd6a46fbccc40d6831edfb532b9f35
אנטריקוט,"קרית המדע 22, הר חוצבים, ירושלים",ירושלים,Jerusalem,0737027317,בשרי,meat,badatz_eda_haredit,1,misadot_mehadrin_restaurants_csv,Tishrei 5787 (Sep 2026),LIST_VERIFIED,FALSE,,6076612084a91ea91442530f5e9fe04fd5679a6e382527841d837f374655e3a1
בורגרס בר - בן יהודה,"בן יהודה 2 ירושלים,",ירושלים,Jerusalem,,בשרי,meat,rav_machpud,1,misadot_mehadrin_restaurants_csv,Tishrei 5787 (Sep 2026),LIST_VERIFIED,FALSE,,8d645df014489b977788888fcbd981012b13b688865c4ddd297448eda37f6f55
בורגרס בר - גבעת שאול,"בית הדפוס 12 ירושלים,",ירושלים,Jerusalem,,בשרי,meat,rav_machpud,1,misadot_mehadrin_restaurants_csv,Tishrei 5787 (Sep 2026),LIST_VERIFIED,FALSE,,e50d1fdc4679f65e650bbcebdaf5a42ae381bcc0e0fa96a242fbb4ce24fd7901
בורגרס בר - גילה,"הגננת 216, ירושלים,",ירושלים,Jerusalem,,בשרי,meat,rav_machpud,1,misadot_mehadrin_restaurants_csv,Tishrei 5787 (Sep 2026),LIST_VERIFIED,FALSE,,8282c927571c96a2d3d13939a13a76708452d63cf2954f82ceb4052f9142521b
בורגרס בר - המושבה הגרמנית,"עמק רפאים 31, ירושלים,",ירושלים,Jerusalem,,בשרי,meat,beit_yosef,1,misadot_mehadrin_restaurants_csv,Tishrei 5787 (Sep 2026),LIST_VERIFIED,FALSE,,849a066f39c919df063f045debfb6403b4842bada9403ea84f30f9f188ed1d34
בורגרס בר - הרובע היהודי,"תפארת ישראל 12, ירושלים.",ירושלים,Jerusalem,,בשרי,meat,rav_machpud,1,misadot_mehadrin_restaurants_csv,Tishrei 5787 (Sep 2026),LIST_VERIFIED,FALSE,,51bc25654ed1f67e531ccd644373307992399757e7bcc6051d948800b690c5b8
בורגרס בר - יפו,"יפו 36 , ירושלים",ירושלים,Jerusalem,,בשרי,meat,beit_yosef,1,misadot_mehadrin_restaurants_csv,Tishrei 5787 (Sep 2026),LIST_VERIFIED,FALSE,,3b40834e048bb2b3cd1fabe6aaad01625a7bc777d3558388cb8f7b699affd3ed
בורגרס בר - מחנה יהודה,"עץ חיים 68, ירושלים",ירושלים,Jerusalem,,בשרי,meat,rav_machpud,1,misadot_mehadrin_restaurants_csv,Tishrei 5787 (Sep 2026),LIST_VERIFIED,FALSE,,9cfc8166bdeb12a32779362a9111a9aceef14eda5b20fdbc79a8d7614d4dbf35
ג'וי,"שדרות ממילא 13, ירושלים",ירושלים,Jerusalem,025020555,בשרי,meat,beit_yosef,1,misadot_mehadrin_restaurants_csv,Tishrei 5787 (Sep 2026),LIST_VERIFIED,FALSE,,9f26ca0e7c77ef788678cc5e4f3174cb5855125e135a862abb6578097beebb99
ג'פאן ג'פאן - סניף 1,"דרך חברון 101, ירושלים[בית הנציב]",ירושלים,Jerusalem,03304*,בשרי,meat,beit_yosef,1,misadot_mehadrin_restaurants_csv,Tishrei 5787 (Sep 2026),LIST_VERIFIED,FALSE,,e54defab7c5103abb5edb9d5c20d289f9e4b4321f0467753337a8f59d1592fa0
ג'פאן ג'פאן - סניף 2,"רח' ההגנה 21, ירושלים[הגבעה הצרפתית]",ירושלים,Jerusalem,03304*,בשרי,meat,beit_yosef,1,misadot_mehadrin_restaurants_csv,Tishrei 5787 (Sep 2026),LIST_VERIFIED,FALSE,,a9105fe0fb687822b0e362032948e7ae05dcf8d72c6065dba0e63fa4eadb2a95
גריל בר,"הסורג 1, ירושלים",ירושלים,Jerusalem,026223761,בשרי,meat,rav_machpud,1,misadot_mehadrin_restaurants_csv,Tishrei 5787 (Sep 2026),LIST_VERIFIED,FALSE,,cf0c24acefa17f271fb69e203e3d72bdc2ca1930f1f1d6bdc5f3a29756cffc4e
החברים - סניף 1,"דרך רבין 10, ירושלים , מתחם סינמה סיטי",ירושלים,Jerusalem,026230066,בשרי,meat,beit_yosef,1,misadot_mehadrin_restaurants_csv,Tishrei 5787 (Sep 2026),LIST_VERIFIED,FALSE,,5ea1212b101172f34131dbc5aeaf5234232c4a3f09e2bddfabc6a67b5801f36d
החברים - סניף 2,גולדה מאיר 255 ירושלים קניון רמות,ירושלים,Jerusalem,0779386151,בשרי,meat,rav_landa_variant_unverified,1,misadot_mehadrin_restaurants_csv,Tishrei 5787 (Sep 2026),UNKNOWN_PENDING_VERIFICATION,TRUE,certifier identity unresolved ('הרב לנדאו') — see data-review-todo.md item 2,bd37010b6b3ed6e834936af6afc73dbe71f7005867f62fa70615ad6dcdcbc39f
נויה,"שלומציון המלכה 3, ירושלים",ירושלים,Jerusalem,,בשרי,meat,kehilot_unidentified,1,misadot_mehadrin_restaurants_csv,Tishrei 5787 (Sep 2026),UNKNOWN_PENDING_VERIFICATION,TRUE,certifier identity unresolved ('קהילות') — see data-review-todo.md item 2,660741bfdb789eac3f4666c09f3fc76c2ce1d3f42c25d54dfcf86b05de70f5bb
פירסט,בן מימון 1 ירושלים,ירושלים,Jerusalem,0555004280,בשרי,meat,rav_machpud,1,misadot_mehadrin_restaurants_csv,Tishrei 5787 (Sep 2026),LIST_VERIFIED,FALSE,,ef54c2ef2944414e8695868213277f8d17e7c4341736573f6c3dd3de0c2e32d8
ציון הגדול,"גולדה מאיר 255, קניון רמות, ירושלים",ירושלים,Jerusalem,0737578851,בשרי,meat,rav_machpud,1,misadot_mehadrin_restaurants_csv,Tishrei 5787 (Sep 2026),LIST_VERIFIED,FALSE,,a8604053a79f509767cfed30180c75f28d221218f28e611905d4ea5b8aa000bc
קבלרו,"המרפא 1, ירושלים",ירושלים,Jerusalem,025377000,בשרי,meat,badatz_eda_haredit,1,misadot_mehadrin_restaurants_csv,Tishrei 5787 (Sep 2026),LIST_VERIFIED,FALSE,,a49020b9783ff966c11abf9d16276698393ba89d1e94b50509e5d38d276105d5
רובן,"כנפי נשרים 24, ירושלים",ירושלים,Jerusalem,026475500,בשרי,meat,rav_machpud,1,misadot_mehadrin_restaurants_csv,Tishrei 5787 (Sep 2026),LIST_VERIFIED,FALSE,,32c79f4729132cb3fb641eb8fdfdff7b1489b1d8bcbe6d45206c29643c90e22c
רודריגז,"מגדל ג.ט.י, קרית המדע 3, ירושלים",ירושלים,Jerusalem,025815815,בשרי,meat,badatz_mehadrin_rubin,1,misadot_mehadrin_restaurants_csv,Tishrei 5787 (Sep 2026),LIST_VERIFIED,FALSE,,8aee99f7c4ec73439cf8b549d3c704fe8373e869bf0d24e636c218cfa58377e4
רובן,"רפפורט 3, קניון הירוקה, כפר סבא",כפר סבא,Kfar Saba,097424666,בשרי,meat,rav_machpud,1,misadot_mehadrin_restaurants_csv,Tishrei 5787 (Sep 2026),LIST_VERIFIED,FALSE,,259a866a76861391d2d4bd276cc379642345663348567c423a244eda32e78d35
גריל בר,"הראל 5, מבשרת ציון",מבשרת ציון,Mevaseret Zion,026223761,בשרי,meat,rav_machpud,1,misadot_mehadrin_restaurants_csv,Tishrei 5787 (Sep 2026),LIST_VERIFIED,FALSE,,f9bf9227206413245f1a39316bb088a0e31442e5dc6bc7ac0540266cfc1bc99c
בורגרס בר,"עמק דותן 23 , מרכז מליבו, מודיעין",מודיעין,Modiin,02242*,בשרי,meat,beit_yosef,1,misadot_mehadrin_restaurants_csv,Tishrei 5787 (Sep 2026),LIST_VERIFIED,FALSE,,beb3e53a02d90a53e958974337a81c946cfebcc3945d71174a82e28180381a55
רוזה,שדרות המלאכות 1 מודיעין,מודיעין,Modiin,0723975150,בשרי,meat,rav_machpud,1,misadot_mehadrin_restaurants_csv,Tishrei 5787 (Sep 2026),LIST_VERIFIED,FALSE,,f87494854fe86728a02984b02a0ceb6db43d9645c413d5e4bdd082a2d50847ed
רובן,"שדרות הגעתון 35, נהריה",נהריה,Nahariya,0779800370,בשרי,meat,rav_machpud,1,misadot_mehadrin_restaurants_csv,Tishrei 5787 (Sep 2026),LIST_VERIFIED,FALSE,,9003ab6c5f85d225a5dc001cefd53c8ecf7dee7c56bfcf548e3ece07afc814c9
רובן,"המלאכה 25, עפולה",עפולה,Afula,043009009,בשרי,meat,rabbanut_afula,1,misadot_mehadrin_restaurants_csv,Tishrei 5787 (Sep 2026),LIST_VERIFIED,FALSE,,67494a56ebc3e3fbaae2d3b4df86b7c1c640b6f72a712b0046128453af8bac5e
החברים,ז'בוטינסקי 61 מתחם ב.ס.ר סיטי פתח תקווה,פתח תקוה,Petah Tikva,0779386161,בשרי,meat,rav_machpud,1,misadot_mehadrin_restaurants_csv,Tishrei 5787 (Sep 2026),LIST_VERIFIED,FALSE,,2b4b8036bf8bce616a31f8f02a74282946f84dbc63dbc28f271a37ee3221764e
לחם בשר,"תוצרת הארץ 3, פתח תקווה",פתח תקוה,Petah Tikva,0772307114,בשרי,meat,rav_machpud,1,misadot_mehadrin_restaurants_csv,Tishrei 5787 (Sep 2026),LIST_VERIFIED,FALSE,,48412d99864e6b1fd50d6337144e752415886117db1aab63a0d3ef8cf8b0b134
קפאו,"מתחם ב.ס.ר סיטי, תוצרת הארץ 3, פתח תקווה",פתח תקוה,Petah Tikva,0773622222,בשרי,meat,beit_yosef,1,misadot_mehadrin_restaurants_csv,Tishrei 5787 (Sep 2026),LIST_VERIFIED,FALSE,,3326e13d90b2d3e6a9f604082dea1b2258ba08b1829f55a964a6daf4cad0c6c8
בארכה גחלים,ירושלים 72 צפת,צפת,Safed,046468484,בשרי,meat,rav_machpud,1,misadot_mehadrin_restaurants_csv,Tishrei 5787 (Sep 2026),LIST_VERIFIED,FALSE,,5a6b71f707c8a0dfe13f75a39364842e5ad52de613ae56b77a5647752636a63a
איסקנדר,רפטינג נהר הירדן,קיבוץ גדות,Kibbutz Gadot,0723726528,בשרי,meat,rabbanut_hatzor_haglilit,1,misadot_mehadrin_restaurants_csv,Tishrei 5787 (Sep 2026),LIST_VERIFIED,FALSE,,8673a7b5aee0c69690d1ba40b68921d300de8afd651778d9f8ba140770bcdcad
הצלבנים,"הנמל העתיק , קיסריה",קיסריה,Caesarea,046361679,בשרי,meat,beit_yosef,1,misadot_mehadrin_restaurants_csv,Tishrei 5787 (Sep 2026),LIST_VERIFIED,FALSE,,7abadca08044d6d057240c52a111f1f557523c27c95e60d478372d616d5d515e
עתיקה,"רחוב העמקים 1, קריית ביאליק",קרית ביאליק,Kiryat Bialik,048402025,בשרי,meat,rav_machpud,1,misadot_mehadrin_restaurants_csv,Tishrei 5787 (Sep 2026),LIST_VERIFIED,FALSE,,dd8c5a7e57bc08e6e7462e7e3018d62694a8d6ac977931346ff6ba1e9e87ebb1
רובן,"דרך עכו 192, קרית ביאליק",קרית ביאליק,Kiryat Bialik,0777242013,בשרי,meat,rav_machpud,1,misadot_mehadrin_restaurants_csv,Tishrei 5787 (Sep 2026),LIST_VERIFIED,FALSE,,28cf07658dabf00c44e00a30a04f66d57502657d00ca5f5dcd007c248dde47b5
ארץ כנען,"דרך הגליל, ראש פינה",ראש פינה,Rosh Pinna,046860107,בשרי,meat,rav_machpud,1,misadot_mehadrin_restaurants_csv,Tishrei 5787 (Sep 2026),LIST_VERIFIED,FALSE,,8d500f14cc33590615add5124971a15cfbb23e3837105071af13ebc71281d71e
לחם בשר,"משה בקר 13, הרובע, איזור התעשיה הישן, ראשון לציון",ראשון לציון,Rishon LeZion,039555511,בשרי,meat,rav_machpud,1,misadot_mehadrin_restaurants_csv,Tishrei 5787 (Sep 2026),LIST_VERIFIED,FALSE,,b244a0dc930cc7368400bba1cdc6c1e2b65bccceb0597e8352f0b7a870f89aac
קמפניה,"ברשבסקי 8, ראשון לציון",ראשון לציון,Rishon LeZion,039037667,בשרי,meat,rav_machpud,1,misadot_mehadrin_restaurants_csv,Tishrei 5787 (Sep 2026),LIST_VERIFIED,FALSE,,03cace74d97ff738d8315cadb265c110b00996f12e06c1f7b733f6e2602b3d9c
אושי אושי,"האנגר 21, נמל תל אביב",תל אביב,Tel Aviv,06054*,בשרי,meat,beit_yosef,1,misadot_mehadrin_restaurants_csv,Tishrei 5787 (Sep 2026),LIST_VERIFIED,FALSE,,f6e5c154b207d51eb1a89d648a0e070b25d1eedf817909b63450eef11155a2fe
לחם בשר,"יורדי הסירה 1, נמל תל אביב",תל אביב,Tel Aviv,035252558,בשרי,meat,rav_machpud,1,misadot_mehadrin_restaurants_csv,Tishrei 5787 (Sep 2026),LIST_VERIFIED,FALSE,,d90d8cf481b73fb3a5ef4ad18677dfb7f21889fe142f324924cb00191e15d7bb
רשל,"יוסף יקותיאלי 3,האנגר 27 נמל תל אביב",תל אביב,Tel Aviv,0778041545,בשרי,meat,rav_machpud,1,misadot_mehadrin_restaurants_csv,Tishrei 5787 (Sep 2026),LIST_VERIFIED,FALSE,,530b8c8ca3185493412f8f0d7ae1a1a8bab7b98228346a28e21ab95eb01d9828
קפה ליון,"מתחם מיני, יצחק רבין 5, אור יהודה",אור יהודה,Or Yehuda,037214979,חלבי,dairy,beit_yosef,1,misadot_mehadrin_restaurants_csv,Tishrei 5787 (Sep 2026),LIST_VERIFIED,FALSE,,296d0bbb4bcf62fe12ab0855459b337de456908f332ea5f0231abda0a03c754a
קיטשן גרג,קניון 'אייס מול' מפלס תחתון אילת,אילת,Eilat,0539418780,חלבי,dairy,beit_yosef,1,misadot_mehadrin_restaurants_csv,Tishrei 5787 (Sep 2026),LIST_VERIFIED,FALSE,,4ab7b4d490e51014da317f0e38d1374cecc6dd340afa334e976509896d5107cb
קפה גרג,"ביג אילת, הסתת 20, אילת,",אילת,Eilat,,חלבי,dairy,beit_yosef,1,misadot_mehadrin_restaurants_csv,Tishrei 5787 (Sep 2026),LIST_VERIFIED,FALSE,,c59f23e102feec4c14f66a6639f24b677042e9c6b08605531a7235debd148598
בליקר בייקרי,"הגדוד העברי 6, קניון סימול, אשדוד",אשדוד,Ashdod,089757800,חלבי,dairy,beit_yosef,1,misadot_mehadrin_restaurants_csv,Tishrei 5787 (Sep 2026),LIST_VERIFIED,FALSE,,53e3fc4c54ea267973f88a6360cb1e2f88ebbdfd19c71f400078339809702cbf
בראנצ'וס,סטאר סנטר אשדוד,אשדוד,Ashdod,0539380643,חלבי,dairy,beit_yosef,1,misadot_mehadrin_restaurants_csv,Tishrei 5787 (Sep 2026),LIST_VERIFIED,FALSE,,0533a67cd72550099dce099958049f1b03f338289383f9ef8c9ca53663b72818
לולה,"הטיילת 20, אשדוד",אשדוד,Ashdod,0505225758,חלבי,dairy,rabbanut_ashdod,1,misadot_mehadrin_restaurants_csv,Tishrei 5787 (Sep 2026),LIST_VERIFIED,FALSE,,59d96c62e2a5b79b2b005547b74e1320d11547186fd48c49ce859641ff8b2438
בראנצ'וס,הנמל 9 מרחנה - אשקלון,אשקלון,Ashkelon,0539380643,חלבי,dairy,beit_yosef,1,misadot_mehadrin_restaurants_csv,Tishrei 5787 (Sep 2026),LIST_VERIFIED,FALSE,,470e239c8903380f8eac27f19375ede8fcaef8776730f2ecfdb04118a28ab6fa
בזיליה,"שאול המלך 100, בית שאן",בית שאן,Beit She'an,0522962560,חלבי,dairy,beit_yosef,1,misadot_mehadrin_restaurants_csv,Tishrei 5787 (Sep 2026),LIST_VERIFIED,FALSE,,81e8ebb6afb69941d81d09a14a8e2d42a4d02ab348fcd51f4ecc53066a1da225
קפה רימון,"יגאל אלון 3,קניון ביג פאשן בית שמש",בית שמש,Beit Shemesh,029955591,חלבי,dairy,rav_machpud,1,misadot_mehadrin_restaurants_csv,Tishrei 5787 (Sep 2026),LIST_VERIFIED,FALSE,,ca38217433a271d3f029e72638f662fdfac7ee2c8a58fd56f049f08654c8c1d4
בון קפה,"זאב ז׳בוטינסקי 9, בני ברק",בני ברק,Bnei Brak,036511806,חלבי,dairy,kehilot_unidentified,1,misadot_mehadrin_restaurants_csv,Tishrei 5787 (Sep 2026),UNKNOWN_PENDING_VERIFICATION,TRUE,certifier identity unresolved ('קהילות') — see data-review-todo.md item 2,6d860c98aca2aaae57ac7f85f98f891d59382ccbeb8a32f37557c23e9a404e01
ביסקוטי,הירקון 67 בני ברק,בני ברק,Bnei Brak,035704015,חלבי,dairy,beit_yosef,1,misadot_mehadrin_restaurants_csv,Tishrei 5787 (Sep 2026),LIST_VERIFIED,FALSE,,803b49d0fc93e5282fe4beb7655f1c72e9f9f9b700591241d1f100a13a8fcfc4
פרמזן,"מצדה 9, בני ברק",בני ברק,Bnei Brak,037295700,חלבי,dairy,badatz_mehadrin_rubin,1,misadot_mehadrin_restaurants_csv,Tishrei 5787 (Sep 2026),LIST_VERIFIED,FALSE,,c054fcf79082aa1ed86ee6238ed4ed3d3fb967367d39a8854764a2e301bfd53f
קפה גרג,"מצדה 5, בני ברק,",בני ברק,Bnei Brak,0549377766,חלבי,dairy,landa_bnei_brak,1,misadot_mehadrin_restaurants_csv,Tishrei 5787 (Sep 2026),UNKNOWN_PENDING_VERIFICATION,TRUE,"not in landa_restaurants_elul_5786 (authoritative for landa_bnei_brak), but only evidenced by source(s) newer than it — see docs/data-review-todo.md item 2",1e87833db14eab902edc2a67ba29fda037467a17bbb6ead33592418ce90c36c2
קפה רעים,"בר כוכבא 4, בני ברק",בני ברק,Bnei Brak,0779973035,חלבי,dairy,rav_machpud,1,misadot_mehadrin_restaurants_csv,Tishrei 5787 (Sep 2026),LIST_VERIFIED,FALSE,,a525d088fff0f5b90eef4a9eb9e0223d75c99159f33a4ba00a31fb82042d0919
לנדוור,"מנחם בגין 38, גבעת שמואל",גבעת שמואל,Givat Shmuel,037163338,חלבי,dairy,beit_yosef,1,misadot_mehadrin_restaurants_csv,Tishrei 5787 (Sep 2026),LIST_VERIFIED,FALSE,,024fa69b14615be54ae8cc5a13b45da708cff4ba17af9d93f8a193184afc3d64
קפה גרג,"שדרות מנחם בגין 30, גבעת שמואל",גבעת שמואל,Givat Shmuel,035504969,חלבי,dairy,beit_yosef,1,misadot_mehadrin_restaurants_csv,Tishrei 5787 (Sep 2026),LIST_VERIFIED,FALSE,,9d030d8164f8f3e10ebd33598cce9d7569431e9e9150ba85814b634fafc9190f
קפה קפה,"יוני נתניהו 25, קניון הגבעה",גבעת שמואל,Givat Shmuel,037172454,חלבי,dairy,rav_machpud,1,misadot_mehadrin_restaurants_csv,Tishrei 5787 (Sep 2026),LIST_VERIFIED,FALSE,,7b1bb06b3c9af201c84baa6fff01bb194f434078f82f29911a3df33cdd37079c
קפה קפה,הבילויים 5 גדרה,גדרה,Gedera,088694590,חלבי,dairy,rabbanut_gedera,1,misadot_mehadrin_restaurants_csv,Tishrei 5787 (Sep 2026),LIST_VERIFIED,FALSE,,67706e28e99f49097fd5d86b2d756af9eb3745cb9be4d9d3e94cdc3865cd7fe1
נילי,המייסדים 43 זכרון יעקב,זכרון יעקב,Zikhron Ya'akov,046292899,חלבי,dairy,rabbanut_zichron_yaakov,1,misadot_mehadrin_restaurants_csv,Tishrei 5787 (Sep 2026),LIST_VERIFIED,FALSE,,cba67b12703d5505b8a2768fd17e44c35fa360dacc60caa923d6fb35c574f027
הסניור,הבנים 2 טבריה,טבריה,Tiberias,048355060,חלבי,dairy,rav_machpud,1,misadot_mehadrin_restaurants_csv,Tishrei 5787 (Sep 2026),LIST_VERIFIED,FALSE,,35d96b69492679c4e23e4d720e14ebfce7a00a99753463edc9047a8b97254ceb
קפה ליון,"הנחשול 22, יבנה",יבנה,Yavne,0536113599,חלבי,dairy,beit_yosef,1,misadot_mehadrin_restaurants_csv,Tishrei 5787 (Sep 2026),LIST_VERIFIED,FALSE,,d4a1321fb3f04d2712092c1241219f18f96a2e439198eb6cf89c270c48245e48
אייסטורי,שמגר 14 ירושלים,ירושלים,Jerusalem,029972601,חלבי,dairy,badatz_eda_haredit,1,misadot_mehadrin_restaurants_csv,Tishrei 5787 (Sep 2026),LIST_VERIFIED,FALSE,,47c3c7cd80778b5c61eb969258b56f58dfb4055fdc40022678bdb4491d717b60
הפי פיש,שדרת אלרוב ממילא מס' 14 ירושלים,ירושלים,Jerusalem,025482230,חלבי,dairy,rabbanut_jerusalem,1,misadot_mehadrin_restaurants_csv,Tishrei 5787 (Sep 2026),LIST_VERIFIED,FALSE,,1e83d19883fa7b7e84f2ae7df6ca426f4001b35c96c6475fe43d95cdd020d747
לוצ'נה,"ממילא 8, קניון ממילא, ירושלים",ירושלים,Jerusalem,025021000,חלבי,dairy,rabbanut_jerusalem,1,misadot_mehadrin_restaurants_csv,Tishrei 5787 (Sep 2026),LIST_VERIFIED,FALSE,,3cf6aa834633140425ad57fab569965b594e3d440883429baf490dfaf6d7e4e4
פיקולינו,"רחוב יואל משה סולומון 12, ירושלים",ירושלים,Jerusalem,0779975989,חלבי,dairy,rabbanut_jerusalem,1,misadot_mehadrin_restaurants_csv,Tishrei 5787 (Sep 2026),LIST_VERIFIED,FALSE,,a15baafca38ddf81b703a7a6be664605691f7ef9aa677ad282ddbff86b14db12
קפה גן סיפור,"שדרות בן צבי, גן סאקר ירושלים",ירושלים,Jerusalem,07233609995,חלבי,dairy,beit_yosef;rabbanut_jerusalem,1,misadot_mehadrin_restaurants_csv,Tishrei 5787 (Sep 2026),LIST_VERIFIED,FALSE,,8249569ecc32a03e12c2647d0c79a0a52b348872860dd89e62ae454dea5142e2
קפה דניה - סניף 1,"שדרות הרצל 102, ירושלים",ירושלים,Jerusalem,026485553,חלבי,dairy,rabbanut_jerusalem,1,misadot_mehadrin_restaurants_csv,Tishrei 5787 (Sep 2026),LIST_VERIFIED,FALSE,,102b33225212875cf0c776311975d725c7ccf86145f1361d3749775f0874f6fa
קפה דניה - סניף 2,"כנפי נשרים 35, ירושלים",ירושלים,Jerusalem,026475553,חלבי,dairy,rabbanut_jerusalem,1,misadot_mehadrin_restaurants_csv,Tishrei 5787 (Sep 2026),LIST_VERIFIED,FALSE,,6ffe34f94749613078489704867003f704281bfcadbe5b9e9d84723b4cde24ce
קפה דניה - סניף 3,"שרי ישראל 15, סיטי קורט, ירושלים",ירושלים,Jerusalem,0779800281,חלבי,dairy,rabbanut_jerusalem,1,misadot_mehadrin_restaurants_csv,Tishrei 5787 (Sep 2026),LIST_VERIFIED,FALSE,,97545562f1d57198658e30330d06f486419f02e72ef33cededaf8a2add594903
קפה רימון - בן יהודה,"לונץ 4, פינת בן יהודה, ירושלים",ירושלים,Jerusalem,026243746,חלבי,dairy,rabbanut_jerusalem,1,misadot_mehadrin_restaurants_csv,Tishrei 5787 (Sep 2026),LIST_VERIFIED,FALSE,,dc1e856d0cce537d9e9c342e90f2e47fcfde4a00e570f1456640095c5c83bc50
קפה רימון - ממילא,"יצחק קריב 8, ממילא ירושלים",ירושלים,Jerusalem,026333030,חלבי,dairy,rabbanut_jerusalem,1,misadot_mehadrin_restaurants_csv,Tishrei 5787 (Sep 2026),LIST_VERIFIED,FALSE,,4d3decd2a98134cfa11ca8d160c9daf0801b0ed947e81b77228f353ce439069c
קפה שלוה,"רחוב שלוה 1, ירושלים",ירושלים,Jerusalem,0732822200,חלבי,dairy,rabbanut_jerusalem,1,misadot_mehadrin_restaurants_csv,Tishrei 5787 (Sep 2026),LIST_VERIFIED,FALSE,,633948b44fe8379c722f560d498a31744dc74f74b85b58125638dc4a3b8f5e9f
קפה תמרה,"הגן הטכנולוגי, דרך אגודת ספורט הפועל 2 מלחה, ירושלים.",ירושלים,Jerusalem,029922392,חלבי,dairy,rabbanut_jerusalem,1,misadot_mehadrin_restaurants_csv,Tishrei 5787 (Sep 2026),LIST_VERIFIED,FALSE,,03978fabde692783a61f41bf6d4ee743169ce5bf5d8c7c965c16523d21e1295b
ריקוטה,"קריית המדע 3, ירושלים",ירושלים,Jerusalem,025870222,חלבי,dairy,kehilot_unidentified,1,misadot_mehadrin_restaurants_csv,Tishrei 5787 (Sep 2026),UNKNOWN_PENDING_VERIFICATION,TRUE,certifier identity unresolved ('קהילות') — see data-review-todo.md item 2,e2ed073b82b5ef034c5b24e5acdd74aeb0d1afd9562bbb7cd14e3f28d3c3062b
לוצ'נה,"הראל 5, מבשרת ציון",מבשרת ציון,Mevaseret Zion,025333329,חלבי,dairy,beit_yosef,1,misadot_mehadrin_restaurants_csv,Tishrei 5787 (Sep 2026),LIST_VERIFIED,FALSE,,e5f6b83b4b80e10859b9935ccac5ba5d9e309416d934c3008015c82b1dbd8edc
ביגה,קניון עזריאלי לב העיר 2 מודיעין,מודיעין,Modiin,086478491,חלבי,dairy,beit_yosef,1,misadot_mehadrin_restaurants_csv,Tishrei 5787 (Sep 2026),LIST_VERIFIED,FALSE,,1352ff2d026f333d9b23b1d2facacf48e8347103c344c2bd62dc5046992f7417
בליקר בייקרי,"קניון עזריאלי, קומה 2, לב העיר 2, מודיעין",מודיעין,Modiin,089331055,חלבי,dairy,beit_yosef,1,misadot_mehadrin_restaurants_csv,Tishrei 5787 (Sep 2026),LIST_VERIFIED,FALSE,,1847beb5cf729451e78ccfad41c3518d884eef04f38f8c23e3b0a6600cccc2ea
לוצ'נה,"שדרות המלאכות 1, מודיעין מכבים רעות",מודיעין,Modiin,086901111,חלבי,dairy,beit_yosef,1,misadot_mehadrin_restaurants_csv,Tishrei 5787 (Sep 2026),LIST_VERIFIED,FALSE,,2572a84bcef345d2e0b6b148ba0101e114933d8fd4a8a1872fefd628dd342996
מיכליס,"מרכז עינב, החרט 7, מודיעין מכבים רעות",מודיעין,Modiin,086691000,חלבי,dairy,chatam_sofer_petah_tikva,1,misadot_mehadrin_restaurants_csv,Tishrei 5787 (Sep 2026),LIST_VERIFIED,FALSE,,40a74bb7034408fc364aea807c61415a064f1e09dfd814c6fff4da95770d7704
היקב,"גד מכנס 6, נתניה",נתניה,Netanya,098622220,חלבי,dairy,chatam_sofer_petah_tikva,1,misadot_mehadrin_restaurants_csv,Tishrei 5787 (Sep 2026),LIST_VERIFIED,FALSE,,6bd4a63cb46f06bbf3e7cbab40672e21376ea141764ca78cb0fc4cae8044fd45
רחוב ירושלמי,עין חמד,עין חמד,Ein Hemed,0556859778,חלבי,dairy,beit_yosef,1,misadot_mehadrin_restaurants_csv,Tishrei 5787 (Sep 2026),LIST_VERIFIED,FALSE,,42888768c019ae87c866d2ba62a51b12135715b5c8145327583b283aeb35e790
אלפרדו,"דרך שלמה שמלצר 94, פתח תקווה",פתח תקוה,Petah Tikva,039230643,חלבי,dairy,chatam_sofer_petah_tikva,1,misadot_mehadrin_restaurants_csv,Tishrei 5787 (Sep 2026),LIST_VERIFIED,FALSE,,e1b337b764f5bf83edc8e5c11ede80dea4583a6eaada2a131299248f4ae6f745
בוקריה,"מתחם יכין, דרך יצחק רבין 17, פתח תקווה",פתח תקוה,Petah Tikva,037444760,חלבי,dairy,chatam_sofer_petah_tikva,1,misadot_mehadrin_restaurants_csv,Tishrei 5787 (Sep 2026),LIST_VERIFIED,FALSE,,9ad049684b22a03a993dd4f9b8830272a33d66d914c6ab656978979633052e26
ביגה,"רחוב זאב ז'בוטינסקי 72, פתח תקווה [בתוך: עופר הקניון הגדול פתח תקווה]",פתח תקוה,Petah Tikva,036331312,חלבי,dairy,beit_yosef,1,misadot_mehadrin_restaurants_csv,Tishrei 5787 (Sep 2026),LIST_VERIFIED,FALSE,,3cb5493ac6de0d5f5925ae42eed218cbd474480cb6eee18da6fb98c907eacc1c
בליקר בייקרי,"יכין סנטר, דרך יצחק רבין 17, פתח תקווה",פתח תקוה,Petah Tikva,039234000,חלבי,dairy,beit_yosef,1,misadot_mehadrin_restaurants_csv,Tishrei 5787 (Sep 2026),LIST_VERIFIED,FALSE,,6963d5161f18606fe6d24f350e4983bd837ceafdcc2257032552dbf1d364f224
לנדוור,"הקניון הגדול ז'בוטינסקי 72, פתח-תקווה",פתח תקוה,Petah Tikva,039222692,חלבי,dairy,beit_yosef,1,misadot_mehadrin_restaurants_csv,Tishrei 5787 (Sep 2026),LIST_VERIFIED,FALSE,,839ea607c6f143e7766a4ac9aeb5caf4dbdd125122a1308fb4e2a4a8769895ed
פיאדרה,תוצרת הארץ 2 פתח תקווה,פתח תקוה,Petah Tikva,,חלבי,dairy,rabbanut_petah_tikva,1,misadot_mehadrin_restaurants_csv,Tishrei 5787 (Sep 2026),LIST_VERIFIED,FALSE,,7190fd60ccf15c2024905876b4d2b3b87386685d797caa7508692c95e8a72edd
קפה בעלמא,"יכין סנטר, דרך יצחק רבין 17, פתח תקווה",פתח תקוה,Petah Tikva,039040727,חלבי,dairy,rabbanut_petah_tikva,1,misadot_mehadrin_restaurants_csv,Tishrei 5787 (Sep 2026),LIST_VERIFIED,FALSE,,85428e9a2be4fc62f3fb260cc435ede8c130e4dcc43542091e5c783662902931
קפה גן סיפור,בזל 2 פארק יצחק אוחיון[פארק בלינסון]פתח תקווה,פתח תקוה,Petah Tikva,0723360999,חלבי,dairy,rabbanut_petah_tikva,1,misadot_mehadrin_restaurants_csv,Tishrei 5787 (Sep 2026),LIST_VERIFIED,FALSE,,c36aa8a8c2ac2adc2c90cad1be725869a26d6ad48ac7bc714e33874c0abb3e68
קפה הולה,"העלייה השנייה 1, פתח תקווה",פתח תקוה,Petah Tikva,039097701,חלבי,dairy,rav_machpud,1,misadot_mehadrin_restaurants_csv,Tishrei 5787 (Sep 2026),LIST_VERIFIED,FALSE,,9d68a5654c12d19e9ce0516a8ff2ed376044e58a40e9e3b34ab8a98b0c415952
קפה קלמא,"מנחם בגין 26, פתח תקווה",פתח תקוה,Petah Tikva,0796999929,חלבי,dairy,rabbanut_petah_tikva,1,misadot_mehadrin_restaurants_csv,Tishrei 5787 (Sep 2026),LIST_VERIFIED,FALSE,,7785f8637195bb42bb9ecce143635df85594fe61636f3fe8754eaf95d4eaf3e7
ארסטו,נמל קיסריה,קיסריה,Caesarea,0772311920,חלבי,dairy,beit_yosef,1,misadot_mehadrin_restaurants_csv,Tishrei 5787 (Sep 2026),LIST_VERIFIED,FALSE,,5e398ef38d3f80e608059439acfd9e2f73c0d0c5ca6115fc9576c07d20b7fab2
ביגה,"קניון שער הצפון,דרך חיפה 30 קרית אתא",קרית אתא,Kiryat Ata,046884333,חלבי,dairy,rabbanut_kiryat_ata,1,misadot_mehadrin_restaurants_csv,Tishrei 5787 (Sep 2026),LIST_VERIFIED,FALSE,,b1b9a891deb957e32a27282f3f692bf182943a8f3020f2ee05c341fff20ed123
קפה גרג,"העצמאות 57, קרית אתא,",קרית אתא,Kiryat Ata,048445522,חלבי,dairy,rabbanut_kiryat_ata,1,misadot_mehadrin_restaurants_csv,Tishrei 5787 (Sep 2026),LIST_VERIFIED,FALSE,,44b79ccd60ff91297e4b129807ed35c8b460b9cd2827bc65533cdb8869844f0b
פרש דה מרקט,"דרך הדרום 3 , קרית גת",קרית גת,Kiryat Gat,088500085,חלבי,dairy,chatam_sofer_petah_tikva,1,misadot_mehadrin_restaurants_csv,Tishrei 5787 (Sep 2026),LIST_VERIFIED,FALSE,,4824f5d910e280ebe352f463a2b8aed61c02d627abbb57eb146581a86965678c
בראנצ'וס,בן גוריון 8 קרית מלאכי,קרית מלאכי,Kiryat Malakhi,0539380643,חלבי,dairy,beit_yosef,1,misadot_mehadrin_restaurants_csv,Tishrei 5787 (Sep 2026),LIST_VERIFIED,FALSE,,ee7c6ef1ff548584b97bdea86d2864f6feec227bbaf8e226909148f30f6e0352
וופל בר,"העבודה 14, ראש העין",ראש העין,Rosh HaAyin,036404544,חלבי,dairy,beit_yosef,1,misadot_mehadrin_restaurants_csv,Tishrei 5787 (Sep 2026),LIST_VERIFIED,FALSE,,8ceb24e8550d0295a4efcc6c1895c9650a95fd05701148936f09f7e0790de792
סורנטו,"ברשבסקי 8, ראשון לציון",ראשון לציון,Rishon LeZion,036543207,חלבי,dairy,chatam_sofer_petah_tikva,1,misadot_mehadrin_restaurants_csv,Tishrei 5787 (Sep 2026),LIST_VERIFIED,FALSE,,4fc54c66edb04e1d718844640dd8d2a2bbfa8a3bdb6bb1284cd7ae47f4b826f9
קפה קפה,סחרוב 21 ראשון לציון[קניון הזהב],ראשון לציון,Rishon LeZion,036055328,חלבי,dairy,beit_yosef,1,misadot_mehadrin_restaurants_csv,Tishrei 5787 (Sep 2026),LIST_VERIFIED,FALSE,,2304c1b2a2e22567b3ff60bd3e94f0e5b73634c9df376c4b3a081bd9b8cafb23
בראנצ'וס,יעקב 48 רחובות,רחובות,Rehovot,0539380643,חלבי,dairy,beit_yosef,1,misadot_mehadrin_restaurants_csv,Tishrei 5787 (Sep 2026),LIST_VERIFIED,FALSE,,fea5b290c78882e516d718b15938f9714a81455bcd7191e055852e3bf61e7fe9
לנדוור,"פקריס 2, פארק המדע, רחובות",רחובות,Rehovot,089331807,חלבי,dairy,beit_yosef,1,misadot_mehadrin_restaurants_csv,Tishrei 5787 (Sep 2026),LIST_VERIFIED,FALSE,,0017ed922633c78ede5406bf25d374f15000718a1aa22deb8154d2549f55e916
מאמא גרג,"ביל""ו 2, רחובות- קניון עופר רחובות",רחובות,Rehovot,088661333,חלבי,dairy,beit_yosef,1,misadot_mehadrin_restaurants_csv,Tishrei 5787 (Sep 2026),LIST_VERIFIED,FALSE,,96545fb64868881167561bc076428de595d4e4ad38d2b4c9aa40fd284b111540
בליקר בייקרי,"ביאליק 76, קניון ביאליק, רמת גן",רמת גן,Ramat Gan,036577779,חלבי,dairy,beit_yosef,1,misadot_mehadrin_restaurants_csv,Tishrei 5787 (Sep 2026),LIST_VERIFIED,FALSE,,7f7e292fcacb4a0598f5221c04c8c18767b4e3fdea57ab0c01d961ea890c112b
מאמא גרג,"אבא הלל, 301 רמת גן, קניון איילון",רמת גן,Ramat Gan,0584943499,חלבי,dairy,beit_yosef,1,misadot_mehadrin_restaurants_csv,Tishrei 5787 (Sep 2026),LIST_VERIFIED,FALSE,,0c612a03d4d7b320cfa8b85dff03d70cce77f67e8c8d71e900970fd857073e2e
קפה לוגאנו,החוגה 2 רמת גן,רמת גן,Ramat Gan,0774070604,חלבי,dairy,rabbanut_ramat_gan,1,misadot_mehadrin_restaurants_csv,Tishrei 5787 (Sep 2026),LIST_VERIFIED,FALSE,,6cd67372591810ca9f290c762f091a6f91b24dfe60e60125bd6db5dd4cdb4283
מילה האוס,הרצל 27 שדרות,שדרות,Sderot,0546172132,חלבי,dairy,rabbanut_sderot,1,misadot_mehadrin_restaurants_csv,Tishrei 5787 (Sep 2026),LIST_VERIFIED,FALSE,,abd86899b238eaa090a69febe288eaf8f6cf76dbd7e0c54f8c2aa80f343272de
פיאנו פיאנו,"האנגר 13, תל אביב-יפו",תל אביב,Tel Aviv,035044455,חלבי,dairy,rav_machpud,1,misadot_mehadrin_restaurants_csv,Tishrei 5787 (Sep 2026),LIST_VERIFIED,FALSE,,be5cfe49927050e20e403bd0adba2e20bae6a912162a7bb239010fa5e0409ed3
קפה קפה,"יורדי הסירה 1, תל אביב-יפו",תל אביב,Tel Aviv,035440054,חלבי,dairy,rav_machpud,1,misadot_mehadrin_restaurants_csv,Tishrei 5787 (Sep 2026),LIST_VERIFIED,FALSE,,658a831fba5f6e8636d6164c7bd8d71cfc83a45579f90dc812605afc1c2a1eb3
פאוזה,"דרך הפרחים 109, אבן שמואל",אבן שמואל,Even Shmuel,05269999434,עגלת קפה,,beit_yosef,1,misadot_mehadrin_restaurants_csv,Tishrei 5787 (Sep 2026),UNKNOWN_PENDING_VERIFICATION,TRUE,coffee cart (עגלת קפה) — diet_type indeterminable,7e21db82150387e30356c4f6bcc25d06be5356a85b2213ce8a996f86cd91f1b3
יוענה,"כפר נוער יוענה, דרך יוסף סיטון 1, באר יעקב",באר יעקב,Be'er Ya'akov,0507843843,עגלת קפה,,rabbanut_beer_yaakov,1,misadot_mehadrin_restaurants_csv,Tishrei 5787 (Sep 2026),UNKNOWN_PENDING_VERIFICATION,TRUE,coffee cart (עגלת קפה) — diet_type indeterminable,0b03ad3aca9d5b359c7c719a51c1567db0a0698698ee9f3cd9f5f4837e6d8e2a
משק לוי,"התמר 118, בית גמליאל",בית גמליאל,Beit Gamliel,0528477506,עגלת קפה,,rabbanut_chevel_yavne,1,misadot_mehadrin_restaurants_csv,Tishrei 5787 (Sep 2026),UNKNOWN_PENDING_VERIFICATION,TRUE,coffee cart (עגלת קפה) — diet_type indeterminable,80a287ec73e5cb21d3925eec8ccba4987a7c8dd667e65116cf9186f5c332f3aa
לוצ'ה,"הורביץ 22, גדרה",גדרה,Gedera,0502245088,עגלת קפה,,rabbanut_gedera,1,misadot_mehadrin_restaurants_csv,Tishrei 5787 (Sep 2026),UNKNOWN_PENDING_VERIFICATION,TRUE,coffee cart (עגלת קפה) — diet_type indeterminable,a6e194fe288d68a4cb4306913f2b1e43b14d35d154a3598279af52c03465255d
קפה הפרדס,"פרי מגדים 3, מעלה אדומים",מעלה אדומים,Ma'ale Adumim,0505970083,עגלת קפה,,rabbanut_maale_adumim,1,misadot_mehadrin_restaurants_csv,Tishrei 5787 (Sep 2026),UNKNOWN_PENDING_VERIFICATION,TRUE,coffee cart (עגלת קפה) — diet_type indeterminable,48f1077056e165ce353b9a316ef788e138c7cd1042a21df3bf690988feda5d4b
קפה לאגו,"פארק יצחק אוחיון, בזל 2, פתח תקווה",פתח תקוה,Petah Tikva,0533670863,עגלת קפה,,rabbanut_petah_tikva,1,misadot_mehadrin_restaurants_csv,Tishrei 5787 (Sep 2026),UNKNOWN_PENDING_VERIFICATION,TRUE,coffee cart (עגלת קפה) — diet_type indeterminable,54505fb057fcab452260c1a2c4faaf764753f45d9069585dc21c05219a957ac4
קברנה,שבתי חזקיה 31,ירושלים,Jerusalem,0527687045,קייטרינג בשרי,meat,landa_bnei_brak,1,rabbanut_bb_kitchens_pdf,Tamuz 5786 (Jun-Jul 2026),LIST_VERIFIED,FALSE,,ea514ef219d7aa9fe2cdaf4b5b0430606faa0fdbd74eff5b1df9f0cdb68bf3a5
"שביט - לכבוד שבת ויו""ט","רש""י 24",בני ברק,Bnei Brak,0548519047,קייטרינג חלבי,dairy,landa_bnei_brak,1,rabbanut_bb_kitchens_pdf,Tamuz 5786 (Jun-Jul 2026),LIST_VERIFIED,FALSE,,24ebe93ea2b8b4270fe62cae3608ab561afe92ea00bc96d228b8d46d9c473210
